[
    {
        "app_name": "merchant/admin-portal-bff[gl229]",
        "guid": "ee7caf17-882f-45a7-9927-b3421f22f606"
    },
    {
        "app_name": "payment/partner-admin-service[gl187]",
        "guid": "979d67b6-cadc-418f-8fb1-299605e48b5a"
    },
    {
        "app_name": "consumer/static-web[gl147]",
        "guid": "91581a81-cb8e-4f44-b060-4a2a7b6e89c4"
    },
    {
        "app_name": "api-gateway/api-gateway-service[gl116]",
        "guid": "5c732cd9-b46c-4966-a41a-2f164b6a9c45"
    },
    {
        "app_name": "merchant/merchant-portal[gl563]",
        "guid": "3dcb4cc0-f6a6-4a2f-9b7b-fbab1a7434cc"
    },
    {
        "app_name": "merchant/merchant-stream-converter-service[gl620]",
        "guid": "74d8685d-8819-4f89-9314-11436c37c77c"
    },
    {
        "app_name": "merchant/merchants-mobile-search-service[gl208]",
        "guid": "239de577-61b0-45b9-b5a2-a12bcc114fc4"
    },
    {
        "app_name": "merchant/old-merchant-portal-bff[gl321]",
        "guid": "8e6cbb90-6e4e-48b9-9c8e-6c608db4a605"
    },
    {
        "app_name": "merchant/merchant-payments-search-service[gl235]",
        "guid": "7efde77f-1cb5-4688-8df8-ba1ebd5b9575"
    },
    {
        "app_name": "consumer/payment-request-service[gl143]",
        "guid": "a76b3342-7a2d-465e-ac47-805c8d620e8d"
    },
    {
        "app_name": "merchant/cdd-service[gl135]",
        "guid": "caad0bf7-f1fe-4ec7-99ec-a40d103a116b"
    },
    {
        "app_name": "consumer/payment-request-web-pages[gl139]",
        "guid": "6c9fee2a-cdc7-4355-8c3a-1045a343e2a4"
    },
    {
        "app_name": "sct/bankapp-gateway[gl347]",
        "guid": "23620931-09e1-4831-9cb3-5d4a7e9e2072"
    },
    {
        "app_name": "sct/sct-service[gl162]",
        "guid": "431d3131-1d15-4e51-bc68-ecf279809e7a"
    },
    {
        "app_name": "integration/reconciliation-report-integration-service[gl719]",
        "guid": "5e3b2970-58c9-493b-a8ef-8c5ca2621a93"
    },
    {
        "app_name": "consumer/consumer-service[gl273]",
        "guid": "ed5d31d0-8f26-424b-b2ae-edb1094ad6e7"
    },
    {
        "app_name": "payment/payment-search-service[gl779]",
        "guid": "6f7f78d6-e260-459a-bb33-a9f785139abb"
    },
    {
        "app_name": "payment/payment-service[gl108]",
        "guid": "364972fc-a7ab-4eec-b6bd-654776a0e65d"
    },
    {
        "app_name": "consumer/customer-service[gl151]",
        "guid": "2223ad9c-6d5c-4112-9ba9-e7c4e77ea981"
    },
    {
        "app_name": "payment/payment-stream-converter[gl516]",
        "guid": "0a0a9d76-0e03-4dfa-a48a-49025256ed04"
    },
    {
        "app_name": "merchant/admin-portal[gl230]",
        "guid": "b682617e-17b3-41fd-9c38-4425da0b0ba9"
    },
    {
        "app_name": "merchant/merchant-service[gl203]",
        "guid": "4e3eb88b-e583-4855-be6b-9c6a70f51b36"
    },
    {
        "app_name": "consumer/consumer-identification-service[gl467]",
        "guid": "7b088704-4b8e-4fbd-9e35-cc566cafb379"
    },
    {
        "app_name": "payment/bancontact-service[gl124]",
        "guid": "a801e3d1-567b-43b4-9411-9171dd8f392e"
    },
    {
        "app_name": "integration/cloudbilling-kafka-integration[gl572]",
        "guid": "7eb8009f-3005-423b-8af4-95825f9fefd9"
    },
    {
        "app_name": "consumer/mobile-gateway[gl152]",
        "guid": "998edfd1-2736-4ce5-855c-0df1ecd10d9a"
    },
    {
        "app_name": "consumer/notification-service[gl159]",
        "guid": "4fff9e19-6cb4-4195-a6fc-b45132893701"
    },
    {
        "app_name": "checkout/checkout-service[gl723]",
        "guid": "5c57f2c1-31b8-47ee-8ce4-9911eabafe18"
    },
    {
        "app_name": "integration/salesforce-integration[gl120]",
        "guid": "b484d52a-1ce3-4258-b5df-76cdf365d670"
    },
    {
        "app_name": "integration/invoice-service[gl349]",
        "guid": "b920d168-ecc1-43d9-9f92-0233cabce65e"
    },
    {
        "app_name": "consumer/consumer-profiling-service[gl434]",
        "guid": "7684932f-0cad-4a2d-928d-e3371afde366"
    },
    {
        "app_name": "processing/ideal-qr-code-service[gl849]",
        "guid": "66f2c196-7ddc-4ce4-af2a-94c6d947c142"
    },
    {
        "app_name": "checkout/checkout-web-app[gl720]",
        "guid": "c4d7d364-fbac-4d51-a1a7-52799d817c8a"
    },
    {
        "app_name": "consumer/consumer-stream-converter-service[gl547]",
        "guid": "dd9ea6bd-a628-46dc-bc31-aad0d600dbae"
    },
    {
        "app_name": "processing/transaction-status-service[gl880]",
        "guid": "ac06b8b3-2728-4de5-b71b-0e5a88487c21"
    },
    {
        "app_name": "processing/transaction-query-service[gl870]",
        "guid": "d077747a-a24a-4c64-adc3-69c28e98732e"
    },
    {
        "app_name": "payment/payment-reporting-service[gl702]",
        "guid": "248c3cc7-bf1e-4872-afbb-b11d1bfb7891"
    },
    {
        "app_name": "processing/ideal-payment-page-bff-service[gl884]",
        "guid": "a5930b52-6b47-44b1-9007-7b0813687ee8"
    },
    {
        "app_name": "integration/merchant-profiling-service[gl887]",
        "guid": "0c580369-f2fb-434c-badc-7e43d23bd0b4"
    },
    {
        "app_name": "processing/ideal-transaction-sweeper-job[gl886]",
        "guid": "f7a86833-4d6a-4a46-b161-22f0d98e97ad"
    },
    {
        "app_name": "Currence/ideal-bridge-gateway[gl840]",
        "guid": "6cd6d242-8ea5-4b39-9110-76a0e69b2d56"
    },
    {
        "app_name": "processing/final-state-notification-service[gl875]",
        "guid": "2ef39c0f-063a-48f5-be82-391b7474cd37"
    },
    {
        "app_name": "consumer/risk-engine[gl146]",
        "guid": "3a6e989f-7c05-42c5-9ab1-180cb82fa814"
    },
    {
        "app_name": "consumer/p2p-registry-service[gl403]",
        "guid": "24bbe5dc-0dfb-4650-8d53-f2d48b20fa85"
    },
    {
        "app_name": "Currence/ideal-acquirer-gateway[gl859]",
        "guid": "fe6b265f-d9a2-4894-b681-f3ebffaf99f1"
    },
    {
        "app_name": "Currence/ideal-issuer-gateway[gl869]",
        "guid": "10bc7872-1780-421b-a82c-de87c73bffc3"
    },
    {
        "app_name": "consumer/xstate-jvm[gl285]",
        "guid": "b8d50997-1ea2-4a46-b9c7-f6eeddc479dc"
    },
    {
        "app_name": "merchant/merchant-authentication-service[gl122]",
        "guid": "3a9e16a4-e545-4f1a-b874-588787c6d8c9"
    },
    {
        "app_name": "processing/profile-registry-service[gl909]",
        "guid": "7a087f55-4e31-4c0a-a80c-a330d22716c3"
    },
    {
        "app_name": "processing/async-callback-service[gl919]",
        "guid": "dccb0135-568b-4546-b293-adc498c6f2b2"
    },
    {
        "app_name": "processing/issuer-notification-service[gl916]",
        "guid": "c5c07f80-47ea-4bb1-b4f9-68b33214f7dc"
    },
    {
        "app_name": "payment/bulk-payout-service[gl595]",
        "guid": "367f74be-e2d4-46f3-adb2-182e62884ac5"
    },
    {
        "app_name": "sec/sample-nodejs-application[gl722]",
        "guid": "aacc50f3-44b8-4ef2-9220-87a6e35f5715"
    },
    {
        "app_name": "processing/transaction-service[gl853]",
        "guid": "34090b3f-1b97-4ad6-b86a-22e8fd78f45e"
    },
    {
        "app_name": "integration/ideal-transaction-aggregation-job[gl933]",
        "guid": "6250da6e-e0ac-4c83-bd83-642caa029871"
    },
    {
        "app_name": "merchant/document-service",
        "guid": "bd7450c0-cf1a-44e6-84ca-f1e0ab091722"
    },
    {
        "app_name": "consumer/vas-service[gl946]",
        "guid": "63c0a37c-fefa-4f63-967b-c5f79b669daf"
    },
    {
        "app_name": "payment/payment-refund-service[gl577]",
        "guid": "142270b2-c3c9-4bd0-9e8a-902a70324601"
    },
    {
        "app_name": "processing/ideal-profile-management-bff-service[gl956]",
        "guid": "b49d448c-d0c8-42b6-8e9f-1c8533e1f4f3"
    },
    {
        "app_name": "integration/transaction-monitoring-integration-service[gl995]",
        "guid": "b3a68dfa-1e41-47ef-a898-06f80dbbbdb2"
    },
    {
        "app_name": "processing/payment-integrity-monitoring-management-service[gl1018]",
        "guid": "16bc3bdd-788d-46ef-919d-37eed1ec3b8d"
    },
    {
        "app_name": "processing/merchant-cpsp-registry-service[gl1027]",
        "guid": "9bb0e5c5-8564-4bbf-b33c-271e3d07adf1"
    },
    {
        "app_name": "payment/solvency-service[gl105]",
        "guid": "d3df33ab-f427-412d-bb8b-f9e97d04a2e3"
    },
    {
        "app_name": "payment/qrcode-service[gl104]",
        "guid": "471fb136-419b-4d5b-867b-dfa896be4eea"
    },
    {
        "app_name": "payment/retry-api-service[gl392]",
        "guid": "e45435dd-3d1a-47e1-8b1b-b804581925a5"
    },
    {
        "app_name": "payment/payment-payout-update-service[gl694]",
        "guid": "5a0b7a94-1bfb-4d2c-82a0-08f43e08ed5d"
    },
    {
        "app_name": "integration/payment-powerbi-integration-service[gl515]",
        "guid": "bfa6829e-3769-4b92-a2ee-5bf790117d08"
    },
    {
        "app_name": "integration/merchant-powerbi-integration-service[gl742]",
        "guid": "11f8b7af-f3b1-4096-bfd7-788c77630176"
    },
    {
        "app_name": "api-gateway/api-manager-service[gl117]",
        "guid": "7a39bc1a-c8c6-426f-bdb1-814f43d098fb"
    },
    {
        "app_name": "integration/consumer-profiling-stream-converter-service[gl1053]",
        "guid": "a38f156a-4ae1-46dc-8549-f010bf5b4300"
    },
    {
        "app_name": "consumer/consumer-powerbi-integration-service[gl541]",
        "guid": "802925e6-cc73-455f-ba45-0b56af659e4b"
    },
    {
        "app_name": "consumer/consumer-profiling-powerbi-integration-service[gl457]",
        "guid": "9f511530-8178-4316-a567-8834814479b5"
    },
    {
        "app_name": "processing/issuer-callback-service[gl1058]",
        "guid": "c8197d15-6bcb-4a04-8936-c1106ef9dc35"
    },
    {
        "app_name": "consumer/merchant-voucher-activation-job[gl1057]",
        "guid": "ac55a50c-461a-4617-9bd1-7d67e969a996"
    },
    {
        "app_name": "merchant/document-service[gl136]",
        "guid": "56108d2a-1586-4320-9724-ce2218aabd63"
    },
    {
        "app_name": "processing/ideal-profile-sweeper-job[gl1063]",
        "guid": "94db0a43-d2b9-48c8-a237-941cc15903b2"
    },
    {
        "app_name": "reiniertest",
        "guid": "0773b5db-21d3-4720-9d52-823564bddf4f"
    },
    {
        "app_name": "integration/merchant-profiling-stream-converter-service[gl1064]",
        "guid": "358ac704-b02d-4022-9b1f-ec80dc01fff7"
    },
    {
        "app_name": "integration/merchant-profiling-powerbi-integration-service[gl1076]",
        "guid": "f9706545-cbd8-4e96-869b-dde1bd5d4891"
    },
    {
        "app_name": "bankapp-gw/bankapp-notification-service[gl1092]",
        "guid": "bfe155e5-9d5b-4965-a34b-6df7895856f4"
    },
    {
        "app_name": "sct/sct-service[gl1086]",
        "guid": "3a0abbef-3b70-49e6-a43b-baf03e807176"
    },
    {
        "app_name": "bankapp-gw/bankapp-gateway[gl1093]",
        "guid": "09bf2e02-580a-47bf-bc94-f876bc003828"
    },
    {
        "app_name": "sct/payload-uri-utils[gl1114]",
        "guid": "75cd98dc-3254-4d4f-b85a-f262741d10c0"
    },
    {
        "app_name": "consumer/customer-service-jobs[gl1134]",
        "guid": "381b36e3-36d2-4d65-8fd1-c056e3890a47"
    },
    {
        "app_name": "processing/ideal-profile-authentication-service[gl1130]",
        "guid": "3520b059-f447-47f0-9520-b4c9a513c20a"
    },
    {
        "app_name": "consumer/bpc-gateway[gl1247]",
        "guid": "a6162989-9b2d-4550-ab73-8a86cc908239"
    },
    {
        "app_name": "payment/ing-proxy-service[gl587]",
        "guid": "5256ad33-7992-4269-a227-80479aff56f0"
    },
    {
        "app_name": "payment/partner-powerbi-integration-service[gl750]",
        "guid": "4c1221ec-02d3-4025-b100-727c4d6bd326"
    },
    {
        "app_name": "processing/malware-detection-service[gl1329]",
        "guid": "810b7b1a-60b2-4462-b14c-7f36f0fd979a"
    },
    {
        "app_name": "integration/merchant-bpc-integration-service[gl1342]",
        "guid": "5ba15c8d-7fa9-4349-b3d9-1fcd7dd3bcf3"
    },
    {
        "app_name": "processing/ideal-email-service[gl1339]",
        "guid": "2bcb0409-6c6e-4e00-9fd2-2dde520d295d"
    },
    {
        "app_name": "bankapp-gw/bankapp-external-caller-service[gl1368]",
        "guid": "d6c3e80e-3e74-4d22-a801-10a854f18f45"
    },
    {
        "app_name": "integration/payment-bpc-integration-service[gl1489]",
        "guid": "e64765bb-1090-4ab2-85ec-f1cf15d63652"
    },
    {
        "app_name": "bankapp-gw/bankapp-vas-profile-management-bff[gl1574]",
        "guid": "433d8de8-9161-41ee-b31f-05c484aacba5"
    },
    {
        "app_name": "bankapp-gw/vas-web[gl1580]",
        "guid": "c13b9a28-0889-4050-bdd6-9afc7926581a"
    },
    {
        "app_name": "merchant/merchant-payments-es-indexer[gl562]",
        "guid": "4c55c2d2-cac8-455e-87dc-67c2301ac000"
    },
    {
        "app_name": "merchant/merchant-search-kafka-indexer[gl744]",
        "guid": "07a8c898-41ee-4ab2-9a68-d710b6f3c293"
    },
    {
        "app_name": "Test-[demo]",
        "guid": "5680003f-6851-49ad-bbe4-b15480978c17"
    },
    {
        "app_name": "SEC/sec-vas-web",
        "guid": "45813917-5e07-4a20-9d6f-d9f99d28cb9b"
    },
    {
        "app_name": "SEC/bank_vas_profile_management_bff",
        "guid": "1f79360a-a47d-4c60-be7e-5af4c78fc7d6"
    },
    {
        "app_name": "consumer/vas-account-stream-converter-service[gl1774]",
        "guid": "b03710c7-bb06-4c20-85f5-b3844cb062c0"
    },
    {
        "app_name": "consumer/vas-account-bpc-integration-service[gl1776]",
        "guid": "a9007839-9b37-4d2e-9075-9ad153c899ee"
    },
    {
        "app_name": "payment/payment-proxy-service[gl115]",
        "guid": "38642fd3-dc73-441e-a75d-4cf26f0ef410"
    },
    {
        "app_name": "payment/ps-outbox-publisher-service[gl681]",
        "guid": "c52535fa-411c-4cc7-9cfc-59e7aebf718d"
    },
    {
        "app_name": "payment/refund-powerbi-integration-service[gl600]",
        "guid": "837ac25a-5780-457e-8441-013a713c632b"
    },
    {
        "app_name": "payment/online-payments-demo[gl195]",
        "guid": "cde5431d-8a4f-4370-bb45-311dc98f1b60"
    },
    {
        "app_name": "library/batch-files-schema[gl814]",
        "guid": "62f013de-0432-43ed-a7d0-08fd13ed5cad"
    },
    {
        "app_name": "processing/ideal-jwks-merger-job[gl1726]",
        "guid": "c672050b-d91e-4bc4-a734-043efac1b9d6"
    },
    {
        "app_name": "processing/ideal-address-service[gl1763]",
        "guid": "be84d469-28f7-4320-b42e-2d4b4c76adca"
    },
    {
        "app_name": "integration/merchant-profiling-bpc-integration-service[gl1712]",
        "guid": "18050b64-fe19-4e75-8509-860d49dca9c4"
    },
    {
        "app_name": "integration/consumer-bpc-integration-service[gl1570]",
        "guid": "551ab6fd-1722-441b-82d4-6c99f813b912"
    },
    {
        "app_name": "payment-service-new-policy-scan",
        "guid": "178d6144-494b-4747-b5a6-47f142e56dcc"
    },
    {
        "app_name": "integration/consumer-profiling-bpc-integration-service[gl1744]",
        "guid": "413d1f59-b995-4e42-aa5d-f0810be1d595"
    },
    {
        "app_name": "payment-service-exisiting-policy",
        "guid": "a7da926b-8b84-44ca-b34e-2c857e5a6dfe"
    },
    {
        "app_name": "sct/test-jws-generator[gl368]",
        "guid": "ae9f5f12-5499-4939-a8db-5b7c74f856b1"
    },
    {
        "app_name": "consumer/mock-voucher-provider[gl1807]",
        "guid": "51ca14b6-5187-42c2-8b21-2bad34770aa5"
    },
    {
        "app_name": "bff-test",
        "guid": "a8cab3d5-f9b2-4131-8e25-67a4e8c791b2"
    },
    {
        "app_name": "processing/ideal-profile-data-sharing[gl1814]",
        "guid": "47699c06-8032-41be-81ef-db0e673836e3"
    },
    {
        "app_name": "processing/ideal-issuers-status-job[gl1842]",
        "guid": "dcc7a4e9-a5e7-4268-bcd7-f4725485faae"
    },
    {
        "app_name": "bff-test2",
        "guid": "8ce6d9b6-1dad-46f5-aaa7-0440aeecf3a6"
    },
    {
        "app_name": "processing/ideal-delivery-service[gl1870]",
        "guid": "f88c606b-75e8-4bb4-b156-cb21d982fe8e"
    },
    {
        "app_name": "processing/ideal-profile-email-job[gl1874]",
        "guid": "e3068ce3-31ef-4a21-bdc5-f7d2ad966953"
    },
    {
        "app_name": "consumer/data-retention-job[gl1878]",
        "guid": "06257516-5205-4525-a726-c120452d2d07"
    },
    {
        "app_name": "payment/bpc-email-notification-service[gl1881]",
        "guid": "81e805d3-3286-49c7-92ed-1077fbf31ba9"
    },
    {
        "app_name": "processing/ideal-wero-gateway[gl1887]",
        "guid": "74f08ea4-c4f9-4529-8eda-a93d07b33229"
    },
    {
        "app_name": "merchant/merchants-data-retention-job[gl1901]",
        "guid": "d89f2751-fdae-441d-8f87-d48c14346be7"
    }
]