Description,SCA,CWE,CWE ID,First found,Last found,Profile,Component,Version
CVE,Description,Severity,App,Title,URL,Component,Recommendation
CVE-2025-32997,"http-proxy-middleware is vulnerable to Improper Request Handling. The vulnerability is due to improper request handling caused by fixRequestBody executing even when bodyParser has failed, which allows attackers to smuggle malicious HTTP requests.",low,merchant/merchant-portal[gl563],Improper Request Handling,https://nvd.nist.gov/vuln/detail/CVE-2025-32997,npm:http-proxy-middleware::2.0.7:,2.0.9
CVE-2025-32997,"http-proxy-middleware is vulnerable to Improper Request Handling. The vulnerability is due to improper request handling caused by fixRequestBody executing even when bodyParser has failed, which allows attackers to smuggle malicious HTTP requests.",low,merchant/merchant-portal[gl563],Improper Request Handling,https://nvd.nist.gov/vuln/detail/CVE-2025-32997,npm:http-proxy-middleware::2.0.7:,2.0.9
CVE-2025-32997,"http-proxy-middleware is vulnerable to Improper Request Handling. The vulnerability is due to improper request handling caused by fixRequestBody executing even when bodyParser has failed, which allows attackers to smuggle malicious HTTP requests.",low,merchant/merchant-portal[gl563],Improper Request Handling,https://nvd.nist.gov/vuln/detail/CVE-2025-32997,npm:http-proxy-middleware::2.0.7:,2.0.9
CVE-2025-32997,"http-proxy-middleware is vulnerable to Improper Request Handling. The vulnerability is due to improper request handling caused by fixRequestBody executing even when bodyParser has failed, which allows attackers to smuggle malicious HTTP requests.",low,merchant/merchant-portal[gl563],Improper Request Handling,https://nvd.nist.gov/vuln/detail/CVE-2025-32997,npm:http-proxy-middleware::2.0.7:,2.0.9
CVE-2025-48997,"Multer is vulnerable to Denial of Service (DoS). The vulnerability is due to improper handling of file upload requests with empty string field names, allowing an attacker to crash the server with a crafted request.",high,merchant/old-merchant-portal-bff[gl321],Denial Of Service (DoS),https://nvd.nist.gov/vuln/detail/CVE-2025-48997,npm:multer::1.4.5-lts.1:,2.0.1
CVE-2025-47944,multer is vulnerable to Denial of Service (DoS). The vulnerability is  due to an unhandled exception triggered by a malformed multipart upload request that allows an attacker to crash the process.,high,merchant/old-merchant-portal-bff[gl321],Denial Of Service (DoS),https://nvd.nist.gov/vuln/detail/CVE-2025-47944,npm:multer::1.4.5-lts.1:,2.0.0
CVE-2025-47935,"Multer is vulnerable to Denial Of Service (DoS). The vulnerability is due to improper handling of error events in HTTP request streams causes internal streams (like busboy) to remain open, allows an attacker to exhaust server resources.",high,merchant/old-merchant-portal-bff[gl321],Denial Of Service (DoS),https://nvd.nist.gov/vuln/detail/CVE-2025-47935,npm:multer::1.4.5-lts.1:,2.0.0
