[
    {
        "app_name": "iOS/PayconiqApp[gl226]",
        "guid": "496d5228-a3b3-4d43-bd20-2ca8c577ed83"
    },
    {
        "app_name": "PayconiqApp-Android",
        "guid": "c2c84b14-f134-41e6-896b-0e22f9a98f47"
    },
    {
        "app_name": "merchant/admin-portal-bff[gl229]",
        "guid": "ee7caf17-882f-45a7-9927-b3421f22f606"
    },
    {
        "app_name": "payment/partner-admin-service[gl187]",
        "guid": "979d67b6-cadc-418f-8fb1-299605e48b5a"
    },
    {
        "app_name": "consumer/static-web[gl147]",
        "guid": "91581a81-cb8e-4f44-b060-4a2a7b6e89c4"
    },
    {
        "app_name": "api-gateway/api-gateway-service[gl116]",
        "guid": "5c732cd9-b46c-4966-a41a-2f164b6a9c45"
    },
    {
        "app_name": "sct/bankapp-notification-service[gl551]",
        "guid": "97b77c8a-9f45-4ac0-a5b7-2c8a9db386d4"
    },
    {
        "app_name": "merchant/merchant-portal[gl563]",
        "guid": "3dcb4cc0-f6a6-4a2f-9b7b-fbab1a7434cc"
    },
    {
        "app_name": "merchant/merchant-stream-converter-service[gl620]",
        "guid": "74d8685d-8819-4f89-9314-11436c37c77c"
    },
    {
        "app_name": "merchant/merchants-mobile-search-service[gl208]",
        "guid": "239de577-61b0-45b9-b5a2-a12bcc114fc4"
    },
    {
        "app_name": "merchant/old-merchant-portal-bff[gl321]",
        "guid": "8e6cbb90-6e4e-48b9-9c8e-6c608db4a605"
    },
    {
        "app_name": "merchant/merchant-payments-search-service[gl235]",
        "guid": "7efde77f-1cb5-4688-8df8-ba1ebd5b9575"
    },
    {
        "app_name": "consumer/payment-request-service[gl143]",
        "guid": "a76b3342-7a2d-465e-ac47-805c8d620e8d"
    },
    {
        "app_name": "merchant/cdd-service[gl135]",
        "guid": "caad0bf7-f1fe-4ec7-99ec-a40d103a116b"
    },
    {
        "app_name": "consumer/payment-request-web-pages[gl139]",
        "guid": "6c9fee2a-cdc7-4355-8c3a-1045a343e2a4"
    },
    {
        "app_name": "sct/bankapp-gateway[gl347]",
        "guid": "23620931-09e1-4831-9cb3-5d4a7e9e2072"
    },
    {
        "app_name": "sct/sct-service[gl162]",
        "guid": "431d3131-1d15-4e51-bc68-ecf279809e7a"
    },
    {
        "app_name": "integration/potramon-service[gl755]",
        "guid": "8c7f8fae-b908-4622-8b58-8d6ca89bba86"
    },
    {
        "app_name": "integration/reconciliation-report-integration-service[gl719]",
        "guid": "5e3b2970-58c9-493b-a8ef-8c5ca2621a93"
    },
    {
        "app_name": "consumer/consumer-service[gl273]",
        "guid": "ed5d31d0-8f26-424b-b2ae-edb1094ad6e7"
    },
    {
        "app_name": "consumer/consumer-risk-monitoring-service[gl773]",
        "guid": "8fe38462-9aed-48ec-af80-307259d0d0c1"
    },
    {
        "app_name": "payment/payment-search-service[gl779]",
        "guid": "6f7f78d6-e260-459a-bb33-a9f785139abb"
    },
    {
        "app_name": "payment/payment-service[gl108]",
        "guid": "364972fc-a7ab-4eec-b6bd-654776a0e65d"
    },
    {
        "app_name": "consumer/customer-service[gl151]",
        "guid": "2223ad9c-6d5c-4112-9ba9-e7c4e77ea981"
    },
    {
        "app_name": "payment/payment-stream-converter[gl516]",
        "guid": "0a0a9d76-0e03-4dfa-a48a-49025256ed04"
    }
]