App,Summary,Status,Date
sct/bankapp-gateway[gl347],No Policy or Agent Scan Performed in last 13 Months. Please initiate new scan.,Not scanned,2025-07-23 10:15:50.897483
sct/sct-service[gl162],No Policy or Agent Scan Performed in last 13 Months. Please initiate new scan.,Not scanned,2025-07-23 10:15:51.307571
consumer/xstate-jvm[gl285],No Policy or Agent Scan Performed in last 13 Months. Please initiate new scan.,Not scanned,2025-07-23 10:19:46.571926
integration/ideal-transaction-aggregation-job[gl933],No Policy or Agent Scan Performed in last 13 Months. Please initiate new scan.,Not scanned,2025-07-23 10:20:38.132110
merchant/document-service,The requested resource could not be found,Not scanned,2025-07-23 10:20:38.442811
consumer/merchant-voucher-activation-job[gl1057],No Policy or Agent Scan Performed in last 13 Months. Please initiate new scan.,Not scanned,2025-07-23 10:22:52.276524
reiniertest,No Policy or Agent Scan Performed in last 13 Months. Please initiate new scan.,Not scanned,2025-07-23 10:23:09.379023
bankapp-gw/bankapp-notification-service[gl1092],No Policy or Agent Scan Performed in last 13 Months. Please initiate new scan.,Not scanned,2025-07-23 10:23:18.899298
sct/payload-uri-utils[gl1114],The requested resource could not be found,Not scanned,2025-07-23 10:23:35.695172
consumer/customer-service-jobs[gl1134],No Policy or Agent Scan Performed in last 13 Months. Please initiate new scan.,Not scanned,2025-07-23 10:23:35.995190
payment/partner-powerbi-integration-service[gl750],No Policy or Agent Scan Performed in last 13 Months. Please initiate new scan.,Not scanned,2025-07-23 10:23:59.514088
integration/merchant-bpc-integration-service[gl1342],The requested resource could not be found,Not scanned,2025-07-23 10:24:07.438420
Test-[demo],No Policy or Agent Scan Performed in last 13 Months. Please initiate new scan.,Not scanned,2025-07-23 10:24:59.253519
SEC/sec-vas-web,No Policy or Agent Scan Performed in last 13 Months. Please initiate new scan.,Not scanned,2025-07-23 10:24:59.658019
SEC/bank_vas_profile_management_bff,No Policy or Agent Scan Performed in last 13 Months. Please initiate new scan.,Not scanned,2025-07-23 10:25:00.044102
App,Summary,Status,Date
