<?xml version="1.0" encoding="UTF-8"?>
<configuration scan="false" scanPeriod="30 seconds">

    <springProperty scope="context" name="name" source="spring.application.name"/>
    <springProperty scope="context" name="env" source="spring.profiles.active"/>
    <springProperty scope="context" name="appVersion" source="info.version"/>
    <springProperty scope="context" name="release" source="info.release"/>

    <include resource="org/springframework/boot/logging/logback/defaults.xml"/>
    <include resource="org/springframework/boot/logging/logback/console-appender.xml"/>

    <appender name="fileAppender" class="ch.qos.logback.core.FileAppender">
        <encoder class="net.logstash.logback.encoder.LogstashEncoder">
            <timeZone>UTC</timeZone>
            <fieldNames>
                <level>Log-Level</level>
                <version>[ignore]</version>
                <message>[ignore]</message>
            </fieldNames>
            <customFields>
                {"name":"${name}","env":"${env}","HOSTNAME":"${HOSTNAME}"}
            </customFields>
            <includeMdcKeyName>traceId</includeMdcKeyName>
            <includeMdcKeyName>spanId</includeMdcKeyName>
            <provider class="net.logstash.logback.composite.loggingevent.LoggingEventPatternJsonProvider">
                <pattern>
                    {"message":"%msg"}
                </pattern>
            </provider>
        </encoder>
        <!-- LOG_PATH / LOG_FILE are set via the logging.path and logging.file configuration properties -->
        <file>${LOG_FILE}</file>
    </appender>


    <springProfile name="acc,ext,prod">
        <root level="INFO">
            <appender-ref ref="fileAppender"/>
        </root>
    </springProfile>
    <springProfile name="test,local,pqenvs">
        <root>
            <appender-ref ref="CONSOLE"/>
        </root>
    </springProfile>


</configuration>
