[{"ca":{"Owner":"DigiCert","Certificate Issuer Organization":"DigiCert, Inc.","Common Name or Certificate Name":"DigiCert TLS ECC P384 Root G5","SHA-256 Fingerprint":"018E13F0772532CF809BD1B17281867283FC48C6E13BE9C69812854A490C1B05","Valid From [GMT]":"2021.01.15","Valid To [GMT]":"2046.01.14","Trust Bits":"Websites","Distrust for TLS After Date":null,"Geographic Focus":"USA, Global","Mozilla Applied Constraints":""},"violating":false,"violating_rule":null,"removed_date":null},{"ca":{"Owner":"CommScope","Certificate Issuer Organization":"CommScope","Common Name or Certificate Name":"CommScope Public Trust RSA Root-01","SHA-256 Fingerprint":"02BDF96E2A45DD9BF18FC7E1DBDF21A0379BA3C9C2610344CFD8D606FEC1ED81","Valid From [GMT]":"2021.04.28","Valid To [GMT]":"2046.04.28","Trust Bits":"Websites","Distrust for TLS After Date":null,"Geographic Focus":"We have certificate customers (currently for private CAs) in multiple regions - USA, Canada, LATAM, Europe, China","Mozilla Applied Constraints":""},"violating":true,"violating_rule":"For EU/Global scope, other country MUST be nl/be/ge/usa/uk/north america (china)","removed_date":"2024.11.30"},{"ca":{"Owner":"Entrust","Certificate Issuer Organization":"Entrust, Inc.","Common Name or Certificate Name":"Entrust Root Certification Authority - EC1","SHA-256 Fingerprint":"02ED0EB28C14DA45165C566791700D6451D7FB56F0B2AB1D3B8EB070E56EDFF5","Valid From [GMT]":"2012.12.18","Valid To [GMT]":"2037.12.18","Trust Bits":"Websites;Email","Distrust for TLS After Date":"2024.11.30","Geographic Focus":"North America, Global","Mozilla Applied Constraints":""},"violating":true,"violating_rule":"\"Distrust for TLS After Date\" must be in the future (false)","removed_date":"2024.11.30"},{"ca":{"Owner":"Entrust","Certificate Issuer Organization":"AffirmTrust","Common Name or Certificate Name":"AffirmTrust Commercial","SHA-256 Fingerprint":"0376AB1D54C5F9803CE4B2E201A0EE7EEF7B57B636E8A93C9B8D4860C96F5FA7","Valid From [GMT]":"2010.01.29","Valid To [GMT]":"2030.12.31","Trust Bits":"Websites","Distrust for TLS After Date":"2024.11.30","Geographic Focus":"North America, Global","Mozilla Applied Constraints":""},"violating":true,"violating_rule":"\"Distrust for TLS After Date\" must be in the future (false)","removed_date":"2024.11.30"},{"ca":{"Owner":"TrustCor Systems","Certificate Issuer Organization":"TrustCor Systems S. de R.L.","Common Name or Certificate Name":"TrustCor RootCert CA-2","SHA-256 Fingerprint":"0753E940378C1BD5E3836E395DAEA5CB839E5046F1BD0EAE1951CF10FEC7C965","Valid From [GMT]":"2016.02.04","Valid To [GMT]":"2034.12.31","Trust Bits":"Websites;Email","Distrust for TLS After Date":"2022.11.30","Geographic Focus":"Canada, Global","Mozilla Applied Constraints":""},"violating":true,"violating_rule":"CA must be on current Mozilla list","removed_date":"2024.11.30"},{"ca":{"Owner":"D-Trust","Certificate Issuer Organization":"D-Trust GmbH","Common Name or Certificate Name":"D-TRUST EV Root CA 1 2020","SHA-256 Fingerprint":"08170D1AA36453901A2F959245E347DB0C8D37ABAABC56B81AA100DC958970DB","Valid From [GMT]":"2020.02.11","Valid To [GMT]":"2035.02.11","Trust Bits":"Websites","Distrust for TLS After Date":null,"Geographic Focus":"Germany, Europe, Global","Mozilla Applied Constraints":""},"violating":false,"violating_rule":null,"removed_date":null},{"ca":{"Owner":"Entrust","Certificate Issuer Organization":"AffirmTrust","Common Name or Certificate Name":"AffirmTrust Networking","SHA-256 Fingerprint":"0A81EC5A929777F145904AF38D5D509F66B5E2C58FCDB531058B0E17F3F0B41B","Valid From [GMT]":"2010.01.29","Valid To [GMT]":"2030.12.31","Trust Bits":"Websites","Distrust for TLS After Date":"2024.11.30","Geographic Focus":"North America, Global","Mozilla Applied Constraints":""},"violating":true,"violating_rule":"\"Distrust for TLS After Date\" must be in the future (false)","removed_date":"2024.11.30"},{"ca":{"Owner":"Sectigo","Certificate Issuer Organization":"COMODO CA Limited","Common Name or Certificate Name":"COMODO Certification Authority","SHA-256 Fingerprint":"0C2CD63DF7806FA399EDE809116B575BF87989F06518F9808C860503178BAF66","Valid From [GMT]":"2006.12.01","Valid To [GMT]":"2029.12.31","Trust Bits":"Websites;Email","Distrust for TLS After Date":null,"Geographic Focus":"USA, UK, Global","Mozilla Applied Constraints":""},"violating":true,"violating_rule":"CA must not be on the blocklist [/.*comodo.*/] (comodo ca limited)","removed_date":"2024.11.30"},{"ca":{"Owner":"CommScope","Certificate Issuer Organization":"CommScope","Common Name or Certificate Name":"CommScope Public Trust ECC Root-01","SHA-256 Fingerprint":"11437CDA7BB45E41365F45B39A38986B0DE00DEF348E0C7BB0873633800BC38B","Valid From [GMT]":"2021.04.28","Valid To [GMT]":"2046.04.28","Trust Bits":"Websites","Distrust for TLS After Date":null,"Geographic Focus":"We have certificate customers (currently for private CAs) in multiple regions - USA, Canada, LATAM, Europe, China","Mozilla Applied Constraints":""},"violating":true,"violating_rule":"For EU/Global scope, other country MUST be nl/be/ge/usa/uk/north america (china)","removed_date":"2024.11.30"},{"ca":{"Owner":"eMudhra Technologies Limited","Certificate Issuer Organization":"eMudhra Inc","Common Name or Certificate Name":"emSign Root CA - C1","SHA-256 Fingerprint":"125609AA301DA0A249B97A8239CB6A34216F44DCAC9F3954B14292F2E8C8608F","Valid From [GMT]":"2018.02.18","Valid To [GMT]":"2043.02.18","Trust Bits":"Websites;Email","Distrust for TLS After Date":null,"Geographic Focus":"India, Global","Mozilla Applied Constraints":""},"violating":true,"violating_rule":"For EU/Global scope, other country MUST be nl/be/ge/usa/uk/north america (india)","removed_date":"2024.11.30"},{"ca":{"Owner":"GoDaddy","Certificate Issuer Organization":"Starfield Technologies, Inc.","Common Name or Certificate Name":"Starfield Class 2 Certification Authority","SHA-256 Fingerprint":"1465FA205397B876FAA6F0A9958E5590E40FCC7FAA4FB7C2C8677521FB5FB658","Valid From [GMT]":"2004.06.29","Valid To [GMT]":"2034.06.29","Trust Bits":"Websites;Email","Distrust for TLS After Date":null,"Geographic Focus":"USA, Global","Mozilla Applied Constraints":""},"violating":false,"violating_rule":null,"removed_date":null},{"ca":{"Owner":"Google Trust Services LLC","Certificate Issuer Organization":"Google Trust Services LLC","Common Name or Certificate Name":"GTS Root R3","SHA-256 Fingerprint":"15D5B8774619EA7D54CE1CA6D0B0C403E037A917F131E8A04E1E6B7A71BABCE5","Valid From [GMT]":"2016.06.22","Valid To [GMT]":"2036.06.22","Trust Bits":"Websites","Distrust for TLS After Date":null,"Geographic Focus":"Global","Mozilla Applied Constraints":""},"violating":true,"violating_rule":"CA must be on current Mozilla list","removed_date":"2024.11.30"},{"ca":{"Owner":"Network Solutions","Certificate Issuer Organization":"Network Solutions L.L.C.","Common Name or Certificate Name":"Network Solutions Certificate Authority","SHA-256 Fingerprint":"15F0BA00A3AC7AF3AC884C072B1011A077BD77C097F40164B2F8598ABD83860C","Valid From [GMT]":"2006.12.01","Valid To [GMT]":"2029.12.31","Trust Bits":"Websites","Distrust for TLS After Date":null,"Geographic Focus":"USA, UK","Mozilla Applied Constraints":""},"violating":true,"violating_rule":"CA must be on current Mozilla list","removed_date":"2024.11.30"},{"ca":{"Owner":"DigiCert","Certificate Issuer Organization":"Baltimore","Common Name or Certificate Name":"Baltimore CyberTrust Root","SHA-256 Fingerprint":"16AF57A9F676B0AB126095AA5EBADEF22AB31119D644AC95CD4B93DBF3F26AEB","Valid From [GMT]":"2000.05.12","Valid To [GMT]":"2025.05.12","Trust Bits":"Websites;Email","Distrust for TLS After Date":null,"Geographic Focus":"USA, Global","Mozilla Applied Constraints":""},"violating":false,"violating_rule":null,"removed_date":null},{"ca":{"Owner":"Sectigo","Certificate Issuer Organization":"COMODO CA Limited","Common Name or Certificate Name":"COMODO ECC Certification Authority","SHA-256 Fingerprint":"1793927A0614549789ADCE2F8F34F7F0B66D0F3AE3A3B84D21EC15DBBA4FADC7","Valid From [GMT]":"2008.03.06","Valid To [GMT]":"2038.01.18","Trust Bits":"Websites;Email","Distrust for TLS After Date":null,"Geographic Focus":"USA, UK, Global","Mozilla Applied Constraints":""},"violating":true,"violating_rule":"CA must not be on the blocklist [/.*comodo.*/] (comodo ca limited)","removed_date":"2024.11.30"},{"ca":{"Owner":"GlobalSign nv-sa","Certificate Issuer Organization":"GlobalSign","Common Name or Certificate Name":"GlobalSign","SHA-256 Fingerprint":"179FBC148A3DD00FD24EA13458CC43BFA7F59C8182D783A513F6EBEC100C8924","Valid From [GMT]":"2012.11.13","Valid To [GMT]":"2038.01.19","Trust Bits":"Websites;Email","Distrust for TLS After Date":null,"Geographic Focus":"Belgium, Global","Mozilla Applied Constraints":""},"violating":false,"violating_rule":null,"removed_date":null},{"ca":{"Owner":"Amazon Trust Services","Certificate Issuer Organization":"Amazon","Common Name or Certificate Name":"Amazon Root CA 3","SHA-256 Fingerprint":"18CE6CFE7BF14E60B2E347B8DFE868CB31D02EBB3ADA271569F50343B46DB3A4","Valid From [GMT]":"2015.05.26","Valid To [GMT]":"2040.05.26","Trust Bits":"Websites;Email","Distrust for TLS After Date":null,"Geographic Focus":"USA, Global","Mozilla Applied Constraints":""},"violating":false,"violating_rule":null,"removed_date":null},{"ca":{"Owner":"QuoVadis","Certificate Issuer Organization":"QuoVadis Limited","Common Name or Certificate Name":"QuoVadis Root CA 3","SHA-256 Fingerprint":"18F1FC7F205DF8ADDDEB7FE007DD57E3AF375A9C4D8D73546BF4F1FED1E18D35","Valid From [GMT]":"2006.11.24","Valid To [GMT]":"2031.11.24","Trust Bits":"Websites;Email","Distrust for TLS After Date":null,"Geographic Focus":"Global","Mozilla Applied Constraints":""},"violating":false,"violating_rule":null,"removed_date":null},{"ca":{"Owner":"Amazon Trust Services","Certificate Issuer Organization":"Amazon","Common Name or Certificate Name":"Amazon Root CA 2","SHA-256 Fingerprint":"1BA5B2AA8C65401A82960118F80BEC4F62304D83CEC4713A19C39C011EA46DB4","Valid From [GMT]":"2015.05.26","Valid To [GMT]":"2040.05.26","Trust Bits":"Websites;Email","Distrust for TLS After Date":null,"Geographic Focus":"USA, Global","Mozilla Applied Constraints":""},"violating":false,"violating_rule":null,"removed_date":null},{"ca":{"Owner":"SSL.com","Certificate Issuer Organization":"SSL Corporation","Common Name or Certificate Name":"SSL.com EV Root Certification Authority ECC","SHA-256 Fingerprint":"22A2C1F7BDED704CC1E701B5F408C310880FE956B5DE2A4A44F99C873A25A7C8","Valid From [GMT]":"2016.02.12","Valid To [GMT]":"2041.02.12","Trust Bits":"Websites","Distrust for TLS After Date":null,"Geographic Focus":"USA, Global","Mozilla Applied Constraints":""},"violating":false,"violating_rule":null,"removed_date":null},{"ca":{"Owner":"Telia Company","Certificate Issuer Organization":"Telia Finland Oyj","Common Name or Certificate Name":"Telia Root CA v2","SHA-256 Fingerprint":"242B69742FCB1E5B2ABF98898B94572187544E5B4D9911786573621F6A74B82C","Valid From [GMT]":"2018.11.29","Valid To [GMT]":"2043.11.29","Trust Bits":"Websites;Email","Distrust for TLS After Date":null,"Geographic Focus":"Finland, Sweden, Norway, Denmark, Lithuania, Estonia","Mozilla Applied Constraints":""},"violating":true,"violating_rule":"For non-global, only NL allowed (finland)","removed_date":"2024.11.30"},{"ca":{"Owner":"SECOM Trust Systems Co., Ltd.","Certificate Issuer Organization":"SECOM Trust Systems CO.,LTD.","Common Name or Certificate Name":"Security Communication RootCA3","SHA-256 Fingerprint":"24A55C2AB051442D0617766541239A4AD032D7C55175AA34FFDE2FBC4F5C5294","Valid From [GMT]":"2016.06.16","Valid To [GMT]":"2038.01.18","Trust Bits":"Websites;Email","Distrust for TLS After Date":null,"Geographic Focus":"Japan","Mozilla Applied Constraints":""},"violating":true,"violating_rule":"CA must be on current Mozilla list","removed_date":"2024.11.30"},{"ca":{"Owner":"Izenpe S.A.","Certificate Issuer Organization":"IZENPE S.A.","Common Name or Certificate Name":"Izenpe.com","SHA-256 Fingerprint":"2530CC8E98321502BAD96F9B1FBA1B099E2D299E0F4548BB914F363BC0D4531F","Valid From [GMT]":"2007.12.13","Valid To [GMT]":"2037.12.13","Trust Bits":"Websites","Distrust for TLS After Date":null,"Geographic Focus":"Basque Country, Spain","Mozilla Applied Constraints":""},"violating":true,"violating_rule":"For non-global, only NL allowed (basque country)","removed_date":"2024.11.30"},{"ca":{"Owner":"Google Trust Services LLC","Certificate Issuer Organization":"Google Trust Services LLC","Common Name or Certificate Name":"GTS Root R1","SHA-256 Fingerprint":"2A575471E31340BC21581CBD2CF13E158463203ECE94BCF9D3CC196BF09A5472","Valid From [GMT]":"2016.06.22","Valid To [GMT]":"2036.06.22","Trust Bits":"Websites","Distrust for TLS After Date":null,"Geographic Focus":"Global","Mozilla Applied Constraints":""},"violating":true,"violating_rule":"CA must be on current Mozilla list","removed_date":"2024.11.30"},{"ca":{"Owner":"GlobalSign nv-sa","Certificate Issuer Organization":"GlobalSign","Common Name or Certificate Name":"GlobalSign","SHA-256 Fingerprint":"2CABEAFE37D06CA22ABA7391C0033D25982952C453647349763A3AB5AD6CCF69","Valid From [GMT]":"2014.12.10","Valid To [GMT]":"2034.12.10","Trust Bits":"Websites;Email","Distrust for TLS After Date":null,"Geographic Focus":"Belgium, Global","Mozilla Applied Constraints":""},"violating":false,"violating_rule":null,"removed_date":null},{"ca":{"Owner":"GoDaddy","Certificate Issuer Organization":"Starfield Technologies, Inc.","Common Name or Certificate Name":"Starfield Root Certificate Authority - G2","SHA-256 Fingerprint":"2CE1CB0BF9D2F9E102993FBE215152C3B2DD0CABDE1C68E5319B839154DBB7F5","Valid From [GMT]":"2009.09.01","Valid To [GMT]":"2037.12.31","Trust Bits":"Websites","Distrust for TLS After Date":null,"Geographic Focus":"USA, Global","Mozilla Applied Constraints":""},"violating":false,"violating_rule":null,"removed_date":null},{"ca":{"Owner":"Agence Nationale de Certification Electronique","Certificate Issuer Organization":"Agence Nationale de Certification Electronique","Common Name or Certificate Name":"TunTrust Root CA","SHA-256 Fingerprint":"2E44102AB58CB85419451C8E19D9ACF3662CAFBC614B6A53960A30F7D0E2EB41","Valid From [GMT]":"2019.04.26","Valid To [GMT]":"2044.04.26","Trust Bits":"Websites","Distrust for TLS After Date":null,"Geographic Focus":"Tunisia","Mozilla Applied Constraints":""},"violating":true,"violating_rule":"For non-global, only NL allowed (tunisia)","removed_date":"2024.11.30"},{"ca":{"Owner":"SSL.com","Certificate Issuer Organization":"SSL Corporation","Common Name or Certificate Name":"SSL.com EV Root Certification Authority RSA R2","SHA-256 Fingerprint":"2E7BF16CC22485A7BBE2AA8696750761B0AE39BE3B2FE9D0CC6D4EF73491425C","Valid From [GMT]":"2017.05.31","Valid To [GMT]":"2042.05.30","Trust Bits":"Websites","Distrust for TLS After Date":null,"Geographic Focus":"USA, Global","Mozilla Applied Constraints":""},"violating":false,"violating_rule":null,"removed_date":null},{"ca":{"Owner":"CommScope","Certificate Issuer Organization":"CommScope","Common Name or Certificate Name":"CommScope Public Trust ECC Root-02","SHA-256 Fingerprint":"2FFB7F813BBBB3C89AB4E8162D0F16D71509A830CC9D73C262E5140875D1AD4A","Valid From [GMT]":"2021.04.28","Valid To [GMT]":"2046.04.28","Trust Bits":"Websites","Distrust for TLS After Date":null,"Geographic Focus":"We have certificate customers (currently for private CAs) in multiple regions - USA, Canada, LATAM, Europe, China","Mozilla Applied Constraints":""},"violating":true,"violating_rule":"For EU/Global scope, other country MUST be nl/be/ge/usa/uk/north america (china)","removed_date":"2024.11.30"},{"ca":{"Owner":"IdenTrust Services, LLC","Certificate Issuer Organization":"IdenTrust","Common Name or Certificate Name":"IdenTrust Public Sector Root CA 1","SHA-256 Fingerprint":"30D0895A9A448A262091635522D1F52010B5867ACAE12C78EF958FD4F4389F2F","Valid From [GMT]":"2014.01.16","Valid To [GMT]":"2034.01.16","Trust Bits":"Websites;Email","Distrust for TLS After Date":null,"Geographic Focus":"USA","Mozilla Applied Constraints":""},"violating":false,"violating_rule":null,"removed_date":null},{"ca":{"Owner":"iTrusChina Co., Ltd.","Certificate Issuer Organization":"iTrusChina Co.,Ltd.","Common Name or Certificate Name":"vTrus ECC Root CA","SHA-256 Fingerprint":"30FBBA2C32238E2A98547AF97931E550428B9B3F1C8EEB6633DCFA86C5B27DD3","Valid From [GMT]":"2018.07.31","Valid To [GMT]":"2043.07.31","Trust Bits":"Websites","Distrust for TLS After Date":null,"Geographic Focus":"China","Mozilla Applied Constraints":""},"violating":true,"violating_rule":"For non-global, only NL allowed (china)","removed_date":"2024.11.30"},{"ca":{"Owner":"DigiCert","Certificate Issuer Organization":"DigiCert Inc","Common Name or Certificate Name":"DigiCert Global Root G3","SHA-256 Fingerprint":"31AD6648F8104138C738F39EA4320133393E3A18CC02296EF97C2AC9EF6731D0","Valid From [GMT]":"2013.08.01","Valid To [GMT]":"2038.01.15","Trust Bits":"Websites;Email","Distrust for TLS After Date":null,"Geographic Focus":"USA, Global","Mozilla Applied Constraints":""},"violating":false,"violating_rule":null,"removed_date":null},{"ca":{"Owner":"SSL.com","Certificate Issuer Organization":"SSL Corporation","Common Name or Certificate Name":"SSL.com Root Certification Authority ECC","SHA-256 Fingerprint":"3417BB06CC6007DA1B961C920B8AB4CE3FAD820E4AA30B9ACBC4A74EBDCEBC65","Valid From [GMT]":"2016.02.12","Valid To [GMT]":"2041.02.12","Trust Bits":"Websites;Email","Distrust for TLS After Date":null,"Geographic Focus":"USA, Global","Mozilla Applied Constraints":""},"violating":false,"violating_rule":null,"removed_date":null},{"ca":{"Owner":"Google Trust Services LLC","Certificate Issuer Organization":"Google Trust Services LLC","Common Name or Certificate Name":"GTS Root R4","SHA-256 Fingerprint":"349DFA4058C5E263123B398AE795573C4E1313C83FE68F93556CD5E8031B3C7D","Valid From [GMT]":"2016.06.22","Valid To [GMT]":"2036.06.22","Trust Bits":"Websites;Email","Distrust for TLS After Date":null,"Geographic Focus":"Global","Mozilla Applied Constraints":""},"violating":false,"violating_rule":null,"removed_date":null},{"ca":{"Owner":"Google Trust Services LLC","Certificate Issuer Organization":"Google Trust Services LLC","Common Name or Certificate Name":"GTS Root R3","SHA-256 Fingerprint":"34D8A73EE208D9BCDB0D956520934B4E40E69482596E8B6F73C8426B010A6F48","Valid From [GMT]":"2016.06.22","Valid To [GMT]":"2036.06.22","Trust Bits":"Websites;Email","Distrust for TLS After Date":null,"Geographic Focus":"Global","Mozilla Applied Constraints":""},"violating":false,"violating_rule":null,"removed_date":null},{"ca":{"Owner":"Microsoft Corporation","Certificate Issuer Organization":"Microsoft Corporation","Common Name or Certificate Name":"Microsoft ECC Root Certificate Authority 2017","SHA-256 Fingerprint":"358DF39D764AF9E1B766E9C972DF352EE15CFAC227AF6AD1D70E8E4A6EDCBA02","Valid From [GMT]":"2019.12.18","Valid To [GMT]":"2042.07.18","Trust Bits":"Websites","Distrust for TLS After Date":null,"Geographic Focus":"Global","Mozilla Applied Constraints":""},"violating":false,"violating_rule":null,"removed_date":null},{"ca":{"Owner":"DigiCert","Certificate Issuer Organization":"DigiCert, Inc.","Common Name or Certificate Name":"DigiCert TLS RSA4096 Root G5","SHA-256 Fingerprint":"371A00DC0533B3721A7EEB40E8419E70799D2B0A0F2C1D80693165F7CEC4AD75","Valid From [GMT]":"2021.01.15","Valid To [GMT]":"2046.01.14","Trust Bits":"Websites","Distrust for TLS After Date":null,"Geographic Focus":"USA, Global","Mozilla Applied Constraints":""},"violating":false,"violating_rule":null,"removed_date":null},{"ca":{"Owner":"Microsec Ltd.","Certificate Issuer Organization":"Microsec Ltd.","Common Name or Certificate Name":"Microsec e-Szigno Root CA 2009","SHA-256 Fingerprint":"3C5F81FEA5FAB82C64BFA2EAECAFCDE8E077FC8620A7CAE537163DF36EDBF378","Valid From [GMT]":"2009.06.16","Valid To [GMT]":"2029.12.30","Trust Bits":"Websites;Email","Distrust for TLS After Date":null,"Geographic Focus":"Hungary, Europe","Mozilla Applied Constraints":""},"violating":true,"violating_rule":"For EU/Global scope, other country MUST be nl/be/ge/usa/uk/north america (hungary)","removed_date":"2024.11.30"},{"ca":{"Owner":"DigiCert","Certificate Issuer Organization":"DigiCert Inc","Common Name or Certificate Name":"DigiCert Assured ID Root CA","SHA-256 Fingerprint":"3E9099B5015E8F486C00BCEA9D111EE721FABA355A89BCF1DF69561E3DC6325C","Valid From [GMT]":"2006.11.10","Valid To [GMT]":"2031.11.10","Trust Bits":"Websites;Email","Distrust for TLS After Date":null,"Geographic Focus":"USA, Global","Mozilla Applied Constraints":""},"violating":false,"violating_rule":null,"removed_date":null},{"ca":{"Owner":"Cybertrust Japan / JCSI","Certificate Issuer Organization":"Cybertrust Japan Co., Ltd.","Common Name or Certificate Name":"SecureSign Root CA12","SHA-256 Fingerprint":"3F034BB5704D44B2D08545A02057DE93EBF3905FCE721ACBC730C06DDAEE904E","Valid From [GMT]":"2020.04.08","Valid To [GMT]":"2040.04.08","Trust Bits":"Websites","Distrust for TLS After Date":null,"Geographic Focus":"Japan","Mozilla Applied Constraints":""},"violating":true,"violating_rule":"For non-global, only NL allowed (japan)","removed_date":"2024.11.30"},{"ca":{"Owner":"Taiwan-CA Inc. (TWCA)","Certificate Issuer Organization":"TAIWAN-CA","Common Name or Certificate Name":"TWCA CYBER Root CA","SHA-256 Fingerprint":"3F63BB2814BE174EC8B6439CF08D6D56F0B7C405883A5648A334424D6B3EC558","Valid From [GMT]":"2022.11.22","Valid To [GMT]":"2047.11.22","Trust Bits":"Websites","Distrust for TLS After Date":null,"Geographic Focus":"Taiwan","Mozilla Applied Constraints":""},"violating":true,"violating_rule":"For non-global, only NL allowed (taiwan)","removed_date":"2024.11.30"},{"ca":{"Owner":"HARICA","Certificate Issuer Organization":"Hellenic Academic and Research Institutions CA","Common Name or Certificate Name":"HARICA TLS ECC Root CA 2021","SHA-256 Fingerprint":"3F99CC474ACFCE4DFED58794665E478D1547739F2E780F1BB4CA9B133097D401","Valid From [GMT]":"2021.02.19","Valid To [GMT]":"2045.02.13","Trust Bits":"Websites","Distrust for TLS After Date":null,"Geographic Focus":"Greece, Global","Mozilla Applied Constraints":""},"violating":true,"violating_rule":"For EU/Global scope, other country MUST be nl/be/ge/usa/uk/north america (greece)","removed_date":"2024.11.30"},{"ca":{"Owner":"eMudhra Technologies Limited","Certificate Issuer Organization":"eMudhra Technologies Limited","Common Name or Certificate Name":"emSign Root CA - G1","SHA-256 Fingerprint":"40F6AF0346A99AA1CD1D555A4E9CCE62C7F9634603EE406615833DC8C8D00367","Valid From [GMT]":"2018.02.18","Valid To [GMT]":"2043.02.18","Trust Bits":"Websites;Email","Distrust for TLS After Date":null,"Geographic Focus":"India, Global","Mozilla Applied Constraints":""},"violating":true,"violating_rule":"For EU/Global scope, other country MUST be nl/be/ge/usa/uk/north america (india)","removed_date":"2024.11.30"},{"ca":{"Owner":"Viking Cloud, Inc.","Certificate Issuer Organization":"SecureTrust Corporation","Common Name or Certificate Name":"Secure Global CA","SHA-256 Fingerprint":"4200F5043AC8590EBB527D209ED1503029FBCBD41CA1B506EC27F15ADE7DAC69","Valid From [GMT]":"2006.11.07","Valid To [GMT]":"2029.12.31","Trust Bits":"Websites;Email","Distrust for TLS After Date":null,"Geographic Focus":"USA, Global","Mozilla Applied Constraints":""},"violating":false,"violating_rule":null,"removed_date":null},{"ca":{"Owner":"DigiCert","Certificate Issuer Organization":"DigiCert Inc","Common Name or Certificate Name":"DigiCert Global Root CA","SHA-256 Fingerprint":"4348A0E9444C78CB265E058D5E8944B4D84F9662BD26DB257F8934A443C70161","Valid From [GMT]":"2006.11.10","Valid To [GMT]":"2031.11.10","Trust Bits":"Websites;Email","Distrust for TLS After Date":null,"Geographic Focus":"USA, Global","Mozilla Applied Constraints":""},"violating":false,"violating_rule":null,"removed_date":null},{"ca":{"Owner":"Entrust","Certificate Issuer Organization":"Entrust, Inc.","Common Name or Certificate Name":"Entrust Root Certification Authority - G2","SHA-256 Fingerprint":"43DF5774B03E7FEF5FE40D931A7BEDF1BB2E6B42738C4E6D3841103D3AA7F339","Valid From [GMT]":"2009.07.07","Valid To [GMT]":"2030.12.07","Trust Bits":"Websites;Email","Distrust for TLS After Date":"2024.11.30","Geographic Focus":"North America, Global","Mozilla Applied Constraints":""},"violating":true,"violating_rule":"\"Distrust for TLS After Date\" must be in the future (false)","removed_date":"2024.11.30"},{"ca":{"Owner":"HARICA","Certificate Issuer Organization":"Hellenic Academic and Research Institutions Cert. Authority","Common Name or Certificate Name":"Hellenic Academic and Research Institutions ECC RootCA 2015","SHA-256 Fingerprint":"44B545AA8A25E65A73CA15DC27FC36D24C1CB9953A066539B11582DC487B4833","Valid From [GMT]":"2015.07.07","Valid To [GMT]":"2040.06.30","Trust Bits":"Websites;Email","Distrust for TLS After Date":null,"Geographic Focus":"Greece, Global","Mozilla Applied Constraints":""},"violating":true,"violating_rule":"For EU/Global scope, other country MUST be nl/be/ge/usa/uk/north america (greece)","removed_date":"2024.11.30"},{"ca":{"Owner":"GoDaddy","Certificate Issuer Organization":"GoDaddy.com, Inc.","Common Name or Certificate Name":"Go Daddy Root Certificate Authority - G2","SHA-256 Fingerprint":"45140B3247EB9CC8C5B4F0D7B53091F73292089E6E5A63E2749DD3ACA9198EDA","Valid From [GMT]":"2009.09.01","Valid To [GMT]":"2037.12.31","Trust Bits":"Websites","Distrust for TLS After Date":null,"Geographic Focus":"USA, Global","Mozilla Applied Constraints":""},"violating":false,"violating_rule":null,"removed_date":null},{"ca":{"Owner":"Government of Turkey, Kamu Sertifikasyon Merkezi (Kamu SM)","Certificate Issuer Organization":"Turkiye Bilimsel ve Teknolojik Arastirma Kurumu - TUBITAK","Common Name or Certificate Name":"TUBITAK Kamu SM SSL Kok Sertifikasi - Surum 1","SHA-256 Fingerprint":"46EDC3689046D53A453FB3104AB80DCAEC658B2660EA1629DD7E867990648716","Valid From [GMT]":"2013.11.25","Valid To [GMT]":"2043.10.25","Trust Bits":"Websites","Distrust for TLS After Date":null,"Geographic Focus":"Turkey","Mozilla Applied Constraints":"*.tr"},"violating":true,"violating_rule":"For non-global, only NL allowed (turkey)","removed_date":"2024.11.30"},{"ca":{"Owner":"D-Trust","Certificate Issuer Organization":"D-Trust GmbH","Common Name or Certificate Name":"D-TRUST Root Class 3 CA 2 2009","SHA-256 Fingerprint":"49E7A442ACF0EA6287050054B52564B650E4F49E42E348D6AA38E039E957B1C1","Valid From [GMT]":"2009.11.05","Valid To [GMT]":"2029.11.05","Trust Bits":"Websites","Distrust for TLS After Date":null,"Geographic Focus":"Germany, Europe, Global","Mozilla Applied Constraints":""},"violating":false,"violating_rule":null,"removed_date":null},{"ca":{"Owner":"Cybertrust Japan / JCSI","Certificate Issuer Organization":"Cybertrust Japan Co., Ltd.","Common Name or Certificate Name":"SecureSign Root CA14","SHA-256 Fingerprint":"4B009C1034494F9AB56BBA3BA1D62731FC4D20D8955ADCEC10A925607261E338","Valid From [GMT]":"2020.04.08","Valid To [GMT]":"2045.04.08","Trust Bits":"Websites","Distrust for TLS After Date":null,"Geographic Focus":"Japan","Mozilla Applied Constraints":""},"violating":true,"violating_rule":"For non-global, only NL allowed (japan)","removed_date":"2024.11.30"},{"ca":{"Owner":"Government of The Netherlands, PKIoverheid (Logius)","Certificate Issuer Organization":"Staat der Nederlanden","Common Name or Certificate Name":"Staat der Nederlanden EV Root CA","SHA-256 Fingerprint":"4D2491414CFE956746EC4CEFA6CF6F72E28A1329432F9D8A907AC4CB5DADC15A","Valid From [GMT]":"2010.12.08","Valid To [GMT]":"2022.12.08","Trust Bits":"Websites","Distrust for TLS After Date":null,"Geographic Focus":"Netherlands","Mozilla Applied Constraints":""},"violating":true,"violating_rule":"CA must be on current Mozilla list","removed_date":"2024.11.30"},{"ca":{"Owner":"GlobalSign nv-sa","Certificate Issuer Organization":"GlobalSign nv-sa","Common Name or Certificate Name":"GlobalSign Root R46","SHA-256 Fingerprint":"4FA3126D8D3A11D1C4855A4F807CBAD6CF919D3A5A88B03BEA2C6372D93C40C9","Valid From [GMT]":"2019.03.20","Valid To [GMT]":"2046.03.20","Trust Bits":"Websites","Distrust for TLS After Date":null,"Geographic Focus":"Belgium, Global","Mozilla Applied Constraints":""},"violating":false,"violating_rule":null,"removed_date":null},{"ca":{"Owner":"Sectigo","Certificate Issuer Organization":"The USERTRUST Network","Common Name or Certificate Name":"USERTrust ECC Certification Authority","SHA-256 Fingerprint":"4FF460D54B9C86DABFBCFC5712E0400D2BED3FBC4D4FBDAA86E06ADCD2A9AD7A","Valid From [GMT]":"2010.02.01","Valid To [GMT]":"2038.01.18","Trust Bits":"Websites;Email","Distrust for TLS After Date":null,"Geographic Focus":"USA, UK, Global","Mozilla Applied Constraints":""},"violating":false,"violating_rule":null,"removed_date":null},{"ca":{"Owner":"SECOM Trust Systems Co., Ltd.","Certificate Issuer Organization":"SECOM Trust Systems CO.,LTD.","Common Name or Certificate Name":"Security Communication RootCA2","SHA-256 Fingerprint":"513B2CECB810D4CDE5DD85391ADFC6C2DD60D87BB736D2B521484AA47A0EBEF6","Valid From [GMT]":"2009.05.29","Valid To [GMT]":"2029.05.29","Trust Bits":"Websites;Email","Distrust for TLS After Date":null,"Geographic Focus":"Japan","Mozilla Applied Constraints":""},"violating":true,"violating_rule":"For non-global, only NL allowed (japan)","removed_date":"2024.11.30"},{"ca":{"Owner":"Sectigo","Certificate Issuer Organization":"COMODO CA Limited","Common Name or Certificate Name":"COMODO RSA Certification Authority","SHA-256 Fingerprint":"52F0E1C4E58EC629291B60317F074671B85D7EA80D5B07273463534B32B40234","Valid From [GMT]":"2010.01.19","Valid To [GMT]":"2038.01.18","Trust Bits":"Websites;Email","Distrust for TLS After Date":null,"Geographic Focus":"USA, UK, Global","Mozilla Applied Constraints":""},"violating":true,"violating_rule":"CA must not be on the blocklist [/.*comodo.*/] (comodo ca limited)","removed_date":"2024.11.30"},{"ca":{"Owner":"DigiCert","Certificate Issuer Organization":"DigiCert Inc","Common Name or Certificate Name":"DigiCert Trusted Root G4","SHA-256 Fingerprint":"552F7BDCF1A7AF9E6CE672017F4F12ABF77240C78E761AC203D1D9D20AC89988","Valid From [GMT]":"2013.08.01","Valid To [GMT]":"2038.01.15","Trust Bits":"Websites;Email","Distrust for TLS After Date":null,"Geographic Focus":"USA, Global","Mozilla Applied Constraints":""},"violating":false,"violating_rule":null,"removed_date":null},{"ca":{"Owner":"Government of Spain, Fábrica Nacional de Moneda y Timbre (FNMT)","Certificate Issuer Organization":"FNMT-RCM","Common Name or Certificate Name":"AC RAIZ FNMT-RCM SERVIDORES SEGUROS","SHA-256 Fingerprint":"554153B13D2CF9DDB753BFBE1A4E0AE08D0AA4187058FE60A2B862B2E4B87BCB","Valid From [GMT]":"2018.12.20","Valid To [GMT]":"2043.12.20","Trust Bits":"Websites","Distrust for TLS After Date":null,"Geographic Focus":"Spain","Mozilla Applied Constraints":""},"violating":true,"violating_rule":"For non-global, only NL allowed (spain)","removed_date":"2024.11.30"},{"ca":{"Owner":"Viking Cloud, Inc.","Certificate Issuer Organization":"Trustwave Holdings, Inc.","Common Name or Certificate Name":"Trustwave Global ECC P384 Certification Authority","SHA-256 Fingerprint":"55903859C8C0C3EBB8759ECE4E2557225FF5758BBD38EBD48276601E1BD58097","Valid From [GMT]":"2017.08.23","Valid To [GMT]":"2042.08.23","Trust Bits":"Websites;Email","Distrust for TLS After Date":null,"Geographic Focus":"USA, Global","Mozilla Applied Constraints":""},"violating":false,"violating_rule":null,"removed_date":null},{"ca":{"Owner":"Actalis","Certificate Issuer Organization":"Actalis S.p.A./03358520967","Common Name or Certificate Name":"Actalis Authentication Root CA","SHA-256 Fingerprint":"55926084EC963A64B96E2ABE01CE0BA86A64FBFEBCC7AAB5AFC155B37FD76066","Valid From [GMT]":"2011.09.22","Valid To [GMT]":"2030.09.22","Trust Bits":"Websites;Email","Distrust for TLS After Date":null,"Geographic Focus":"Italy","Mozilla Applied Constraints":""},"violating":true,"violating_rule":"For non-global, only NL allowed (italy)","removed_date":"2024.11.30"},{"ca":{"Owner":"Amazon Trust Services","Certificate Issuer Organization":"Starfield Technologies, Inc.","Common Name or Certificate Name":"Starfield Services Root Certificate Authority - G2","SHA-256 Fingerprint":"568D6905A2C88708A4B3025190EDCFEDB1974A606A13C6E5290FCB2AE63EDAB5","Valid From [GMT]":"2009.09.01","Valid To [GMT]":"2037.12.31","Trust Bits":"Websites","Distrust for TLS After Date":null,"Geographic Focus":"USA, Global","Mozilla Applied Constraints":""},"violating":false,"violating_rule":null,"removed_date":null},{"ca":{"Owner":"BEIJING CERTIFICATE AUTHORITY Co., Ltd.","Certificate Issuer Organization":"BEIJING CERTIFICATE AUTHORITY","Common Name or Certificate Name":"BJCA Global Root CA2","SHA-256 Fingerprint":"574DF6931E278039667B720AFDC1600FC27EB66DD3092979FB73856487212882","Valid From [GMT]":"2019.12.19","Valid To [GMT]":"2044.12.12","Trust Bits":"Websites;Email","Distrust for TLS After Date":null,"Geographic Focus":"China","Mozilla Applied Constraints":""},"violating":true,"violating_rule":"For non-global, only NL allowed (china)","removed_date":"2024.11.30"},{"ca":{"Owner":"Deutsche Telekom Security GmbH","Certificate Issuer Organization":"Deutsche Telekom Security GmbH","Common Name or Certificate Name":"Telekom Security TLS ECC Root 2020","SHA-256 Fingerprint":"578AF4DED0853F4E5998DB4AEAF9CBEA8D945F60B620A38D1A3C13B2BC7BA8E1","Valid From [GMT]":"2020.08.25","Valid To [GMT]":"2045.08.25","Trust Bits":"Websites","Distrust for TLS After Date":null,"Geographic Focus":"Germany","Mozilla Applied Constraints":""},"violating":true,"violating_rule":"For non-global, only NL allowed (germany)","removed_date":"2024.11.30"},{"ca":{"Owner":"Taiwan-CA Inc. (TWCA)","Certificate Issuer Organization":"TAIWAN-CA","Common Name or Certificate Name":"TWCA Global Root CA","SHA-256 Fingerprint":"59769007F7685D0FCD50872F9F95D5755A5B2B457D81F3692B610A98672F0E1B","Valid From [GMT]":"2012.06.27","Valid To [GMT]":"2030.12.31","Trust Bits":"Websites;Email","Distrust for TLS After Date":null,"Geographic Focus":"Taiwan","Mozilla Applied Constraints":""},"violating":true,"violating_rule":"For non-global, only NL allowed (taiwan)","removed_date":"2024.11.30"},{"ca":{"Owner":"Government of Hong Kong (SAR), Hongkong Post, Certizen","Certificate Issuer Organization":"Hongkong Post","Common Name or Certificate Name":"Hongkong Post Root CA 3","SHA-256 Fingerprint":"5A2FC03F0C83B090BBFA40604B0988446C7636183DF9846E17101A447FB8EFD6","Valid From [GMT]":"2017.06.03","Valid To [GMT]":"2042.06.03","Trust Bits":"Websites","Distrust for TLS After Date":null,"Geographic Focus":"Hong Kong (SAR), China","Mozilla Applied Constraints":""},"violating":true,"violating_rule":"For non-global, only NL allowed (hong kong (sar))","removed_date":"2024.11.30"},{"ca":{"Owner":"TrustCor Systems","Certificate Issuer Organization":"TrustCor Systems S. de R.L.","Common Name or Certificate Name":"TrustCor ECA-1","SHA-256 Fingerprint":"5A885DB19C01D912C5759388938CAFBBDF031AB2D48E91EE15589B42971D039C","Valid From [GMT]":"2016.02.04","Valid To [GMT]":"2029.12.31","Trust Bits":"Websites;Email","Distrust for TLS After Date":"2022.11.30","Geographic Focus":"Canada, Global","Mozilla Applied Constraints":""},"violating":true,"violating_rule":"CA must be on current Mozilla list","removed_date":"2024.11.30"},{"ca":{"Owner":"Asseco Data Systems S.A. (previously Unizeto Certum)","Certificate Issuer Organization":"Unizeto Technologies S.A.","Common Name or Certificate Name":"Certum Trusted Network CA","SHA-256 Fingerprint":"5C58468D55F58E497E743982D2B50010B6D165374ACF83A7D4A32DB768C4408E","Valid From [GMT]":"2008.10.22","Valid To [GMT]":"2029.12.31","Trust Bits":"Websites;Email","Distrust for TLS After Date":null,"Geographic Focus":"Poland, Global","Mozilla Applied Constraints":""},"violating":true,"violating_rule":"For EU/Global scope, other country MUST be nl/be/ge/usa/uk/north america (poland)","removed_date":"2024.11.30"},{"ca":{"Owner":"China Financial Certification Authority (CFCA)","Certificate Issuer Organization":"China Financial Certification Authority","Common Name or Certificate Name":"CFCA EV ROOT","SHA-256 Fingerprint":"5CC3D78E4E1D5E45547A04E6873E64F90CF9536D1CCC2EF800F355C4C5FD70FD","Valid From [GMT]":"2012.08.08","Valid To [GMT]":"2029.12.31","Trust Bits":"Websites","Distrust for TLS After Date":null,"Geographic Focus":"China","Mozilla Applied Constraints":""},"violating":true,"violating_rule":"For non-global, only NL allowed (china)","removed_date":"2024.11.30"},{"ca":{"Owner":"IdenTrust Services, LLC","Certificate Issuer Organization":"IdenTrust","Common Name or Certificate Name":"IdenTrust Commercial Root CA 1","SHA-256 Fingerprint":"5D56499BE4D2E08BCFCAD08A3E38723D50503BDE706948E42F55603019E528AE","Valid From [GMT]":"2014.01.16","Valid To [GMT]":"2034.01.16","Trust Bits":"Websites;Email","Distrust for TLS After Date":null,"Geographic Focus":"USA","Mozilla Applied Constraints":""},"violating":false,"violating_rule":null,"removed_date":null},{"ca":{"Owner":"SwissSign AG","Certificate Issuer Organization":"SwissSign AG","Common Name or Certificate Name":"SwissSign Gold CA - G2","SHA-256 Fingerprint":"62DD0BE9B9F50A163EA0F8E75C053B1ECA57EA55C8688F647C6881F2C8357B95","Valid From [GMT]":"2006.10.25","Valid To [GMT]":"2036.10.25","Trust Bits":"Websites;Email","Distrust for TLS After Date":null,"Geographic Focus":"Switzerland - Certificate services are offered worldwide, but due to the SwissSign’s geographical location the focus is on Europe, specifically Switzerland and German, French and Italian-speaking countries.","Mozilla Applied Constraints":""},"violating":true,"violating_rule":"For non-global, only NL allowed (switzerland - certificate services are offered worldwide)","removed_date":"2024.11.30"},{"ca":{"Owner":"certSIGN","Certificate Issuer Organization":"CERTSIGN SA","Common Name or Certificate Name":"certSIGN ROOT CA G2","SHA-256 Fingerprint":"657CFE2FA73FAA38462571F332A2363A46FCE7020951710702CDFBB6EEDA3305","Valid From [GMT]":"2017.02.06","Valid To [GMT]":"2042.02.06","Trust Bits":"Websites","Distrust for TLS After Date":null,"Geographic Focus":"Romania","Mozilla Applied Constraints":""},"violating":true,"violating_rule":"For non-global, only NL allowed (romania)","removed_date":"2024.11.30"},{"ca":{"Owner":"Internet Security Research Group","Certificate Issuer Organization":"Internet Security Research Group","Common Name or Certificate Name":"ISRG Root X2","SHA-256 Fingerprint":"69729B8E15A86EFC177A57AFB7171DFC64ADD28C2FCA8CF1507E34453CCB1470","Valid From [GMT]":"2020.09.04","Valid To [GMT]":"2040.09.17","Trust Bits":"Websites","Distrust for TLS After Date":null,"Geographic Focus":"Global","Mozilla Applied Constraints":""},"violating":true,"violating_rule":"CA must not be on the blocklist [/.*internet security research group.*/i] (internet security research group)","removed_date":"2024.11.30"},{"ca":{"Owner":"Asseco Data Systems S.A. (previously Unizeto Certum)","Certificate Issuer Organization":"Asseco Data Systems S.A.","Common Name or Certificate Name":"Certum EC-384 CA","SHA-256 Fingerprint":"6B328085625318AA50D173C98D8BDA09D57E27413D114CF787A0F5D06C030CF6","Valid From [GMT]":"2018.03.26","Valid To [GMT]":"2043.03.26","Trust Bits":"Websites;Email","Distrust for TLS After Date":null,"Geographic Focus":"Poland, Global","Mozilla Applied Constraints":""},"violating":true,"violating_rule":"For EU/Global scope, other country MUST be nl/be/ge/usa/uk/north america (poland)","removed_date":"2024.11.30"},{"ca":{"Owner":"OISTE","Certificate Issuer Organization":"WISeKey","Common Name or Certificate Name":"OISTE WISeKey Global Root GB CA","SHA-256 Fingerprint":"6B9C08E86EB0F767CFAD65CD98B62149E5494A67F5845E7BD1ED019F27B86BD6","Valid From [GMT]":"2014.12.01","Valid To [GMT]":"2039.12.01","Trust Bits":"Websites;Email","Distrust for TLS After Date":null,"Geographic Focus":"Switzerland, Global","Mozilla Applied Constraints":""},"violating":true,"violating_rule":"For EU/Global scope, other country MUST be nl/be/ge/usa/uk/north america (switzerland)","removed_date":"2024.11.30"},{"ca":{"Owner":"NETLOCK","Certificate Issuer Organization":"NetLock Kft.","Common Name or Certificate Name":"NetLock Arany (Class Gold) Főtanúsítvány","SHA-256 Fingerprint":"6C61DAC3A2DEF031506BE036D2A6FE401994FBD13DF9C8D466599274C446EC98","Valid From [GMT]":"2008.12.11","Valid To [GMT]":"2028.12.06","Trust Bits":"Websites;Email","Distrust for TLS After Date":null,"Geographic Focus":"Hungary","Mozilla Applied Constraints":""},"violating":true,"violating_rule":"For non-global, only NL allowed (hungary)","removed_date":"2024.11.30"},{"ca":{"Owner":"Entrust","Certificate Issuer Organization":"Entrust.net","Common Name or Certificate Name":"Entrust.net Certification Authority (2048)","SHA-256 Fingerprint":"6DC47172E01CBCB0BF62580D895FE2B8AC9AD4F873801E0C10B9C837D21EB177","Valid From [GMT]":"1999.12.24","Valid To [GMT]":"2029.07.24","Trust Bits":"Websites;Email","Distrust for TLS After Date":"2024.11.30","Geographic Focus":"North America, Global","Mozilla Applied Constraints":""},"violating":true,"violating_rule":"\"Distrust for TLS After Date\" must be in the future (false)","removed_date":"2024.11.30"},{"ca":{"Owner":"Entrust","Certificate Issuer Organization":"AffirmTrust","Common Name or Certificate Name":"AffirmTrust Premium","SHA-256 Fingerprint":"70A73F7F376B60074248904534B11482D5BF0E698ECC498DF52577EBF2E93B9A","Valid From [GMT]":"2010.01.29","Valid To [GMT]":"2040.12.31","Trust Bits":"Websites","Distrust for TLS After Date":"2024.11.30","Geographic Focus":"North America, Global","Mozilla Applied Constraints":""},"violating":true,"violating_rule":"\"Distrust for TLS After Date\" must be in the future (false)","removed_date":"2024.11.30"},{"ca":{"Owner":"Google Trust Services LLC","Certificate Issuer Organization":"Google Trust Services LLC","Common Name or Certificate Name":"GTS Root R4","SHA-256 Fingerprint":"71CCA5391F9E794B04802530B363E121DA8A3043BB26662FEA4DCA7FC951A4BD","Valid From [GMT]":"2016.06.22","Valid To [GMT]":"2036.06.22","Trust Bits":"Websites","Distrust for TLS After Date":null,"Geographic Focus":"Global","Mozilla Applied Constraints":""},"violating":true,"violating_rule":"CA must be on current Mozilla list","removed_date":"2024.11.30"},{"ca":{"Owner":"Entrust","Certificate Issuer Organization":"Entrust, Inc.","Common Name or Certificate Name":"Entrust Root Certification Authority","SHA-256 Fingerprint":"73C176434F1BC6D5ADF45B0E76E727287C8DE57616C1E6E6141A2B2CBC7D8E4C","Valid From [GMT]":"2006.11.27","Valid To [GMT]":"2026.11.27","Trust Bits":"Websites","Distrust for TLS After Date":"2024.11.30","Geographic Focus":"North America, Global","Mozilla Applied Constraints":""},"violating":true,"violating_rule":"\"Distrust for TLS After Date\" must be in the future (false)","removed_date":"2024.11.30"},{"ca":{"Owner":"DigiCert","Certificate Issuer Organization":"DigiCert Inc","Common Name or Certificate Name":"DigiCert High Assurance EV Root CA","SHA-256 Fingerprint":"7431E5F4C3C1CE4690774F0B61E05440883BA9A01ED00BA6ABD7806ED3B118CF","Valid From [GMT]":"2006.11.10","Valid To [GMT]":"2031.11.10","Trust Bits":"Websites;Email","Distrust for TLS After Date":null,"Geographic Focus":"USA, Global","Mozilla Applied Constraints":""},"violating":false,"violating_rule":null,"removed_date":null},{"ca":{"Owner":"Certainly LLC","Certificate Issuer Organization":"Certainly","Common Name or Certificate Name":"Certainly Root R1","SHA-256 Fingerprint":"77B82CD8644C4305F7ACC5CB156B45675004033D51C60C6202A8E0C33467D3A0","Valid From [GMT]":"2021.04.01","Valid To [GMT]":"2046.04.01","Trust Bits":"Websites","Distrust for TLS After Date":null,"Geographic Focus":"Global","Mozilla Applied Constraints":""},"violating":false,"violating_rule":null,"removed_date":null},{"ca":{"Owner":"Sectigo","Certificate Issuer Organization":"Sectigo Limited","Common Name or Certificate Name":"Sectigo Public Server Authentication Root R46","SHA-256 Fingerprint":"7BB647A62AEEAC88BF257AA522D01FFEA395E0AB45C73F93F65654EC38F25A06","Valid From [GMT]":"2021.03.22","Valid To [GMT]":"2046.03.21","Trust Bits":"Websites","Distrust for TLS After Date":null,"Geographic Focus":"USA, UK, Global","Mozilla Applied Constraints":""},"violating":false,"violating_rule":null,"removed_date":null},{"ca":{"Owner":"DigiCert","Certificate Issuer Organization":"DigiCert Inc","Common Name or Certificate Name":"DigiCert Assured ID Root G2","SHA-256 Fingerprint":"7D05EBB682339F8C9451EE094EEBFEFA7953A114EDB2F44949452FAB7D2FC185","Valid From [GMT]":"2013.08.01","Valid To [GMT]":"2038.01.15","Trust Bits":"Websites;Email","Distrust for TLS After Date":null,"Geographic Focus":"USA, Global","Mozilla Applied Constraints":""},"violating":false,"violating_rule":null,"removed_date":null},{"ca":{"Owner":"DigiCert","Certificate Issuer Organization":"DigiCert Inc","Common Name or Certificate Name":"DigiCert Assured ID Root G3","SHA-256 Fingerprint":"7E37CB8B4C47090CAB36551BA6F45DB840680FBA166A952DB100717F43053FC2","Valid From [GMT]":"2013.08.01","Valid To [GMT]":"2038.01.15","Trust Bits":"Websites;Email","Distrust for TLS After Date":null,"Geographic Focus":"USA, Global","Mozilla Applied Constraints":""},"violating":false,"violating_rule":null,"removed_date":null},{"ca":{"Owner":"Eviden","Certificate Issuer Organization":"Atos","Common Name or Certificate Name":"Atos TrustedRoot Root CA RSA TLS 2021","SHA-256 Fingerprint":"81A9088EA59FB364C548A6F85559099B6F0405EFBF18E5324EC9F457BA00112F","Valid From [GMT]":"2021.04.22","Valid To [GMT]":"2041.04.17","Trust Bits":"Websites","Distrust for TLS After Date":null,"Geographic Focus":"Germany, Europe","Mozilla Applied Constraints":""},"violating":false,"violating_rule":null,"removed_date":null},{"ca":{"Owner":"OISTE","Certificate Issuer Organization":"WISeKey","Common Name or Certificate Name":"OISTE WISeKey Global Root GC CA","SHA-256 Fingerprint":"8560F91C3624DABA9570B5FEA0DBE36FF11A8323BE9486854FB3F34A5571198D","Valid From [GMT]":"2017.05.09","Valid To [GMT]":"2042.05.09","Trust Bits":"Websites","Distrust for TLS After Date":null,"Geographic Focus":"Switzerland, Global","Mozilla Applied Constraints":""},"violating":true,"violating_rule":"For EU/Global scope, other country MUST be nl/be/ge/usa/uk/north america (switzerland)","removed_date":"2024.11.30"},{"ca":{"Owner":"SSL.com","Certificate Issuer Organization":"SSL Corporation","Common Name or Certificate Name":"SSL.com Root Certification Authority RSA","SHA-256 Fingerprint":"85666A562EE0BE5CE925C1D8890A6F76A87EC16D4D7D5F29EA7419CF20123B69","Valid From [GMT]":"2016.02.12","Valid To [GMT]":"2041.02.12","Trust Bits":"Websites;Email","Distrust for TLS After Date":null,"Geographic Focus":"USA, Global","Mozilla Applied Constraints":""},"violating":false,"violating_rule":null,"removed_date":null},{"ca":{"Owner":"QuoVadis","Certificate Issuer Organization":"QuoVadis Limited","Common Name or Certificate Name":"QuoVadis Root CA 2","SHA-256 Fingerprint":"85A0DD7DD720ADB7FF05F83D542B209DC7FF4528F7D677B18389FEA5E5C49E86","Valid From [GMT]":"2006.11.24","Valid To [GMT]":"2031.11.24","Trust Bits":"Websites;Email","Distrust for TLS After Date":null,"Geographic Focus":"Global","Mozilla Applied Constraints":""},"violating":false,"violating_rule":null,"removed_date":null},{"ca":{"Owner":"eMudhra Technologies Limited","Certificate Issuer Organization":"eMudhra Technologies Limited","Common Name or Certificate Name":"emSign ECC Root CA - G3","SHA-256 Fingerprint":"86A1ECBA089C4A8D3BBE2734C612BA341D813E043CF9E8A862CD5C57A36BBE6B","Valid From [GMT]":"2018.02.18","Valid To [GMT]":"2043.02.18","Trust Bits":"Websites;Email","Distrust for TLS After Date":null,"Geographic Focus":"India, Global","Mozilla Applied Constraints":""},"violating":true,"violating_rule":"For EU/Global scope, other country MUST be nl/be/ge/usa/uk/north america (india)","removed_date":"2024.11.30"},{"ca":{"Owner":"E-Tugra","Certificate Issuer Organization":"E-Tugra EBG A.S.","Common Name or Certificate Name":"E-Tugra Global Root CA ECC v3","SHA-256 Fingerprint":"873F4685FA7F563625252E6D36BCD7F16FC24951F264E47E1B954F4908CDCA13","Valid From [GMT]":"2020.03.18","Valid To [GMT]":"2045.03.12","Trust Bits":"Websites","Distrust for TLS After Date":null,"Geographic Focus":"Turkey","Mozilla Applied Constraints":""},"violating":true,"violating_rule":"CA must be on current Mozilla list","removed_date":"2024.11.30"},{"ca":{"Owner":"Consorci Administració Oberta de Catalunya (Consorci AOC, CATCert)","Certificate Issuer Organization":"Agencia Catalana de Certificacio (NIF Q-0801176-I)","Common Name or Certificate Name":"EC-ACC","SHA-256 Fingerprint":"88497F01602F3154246AE28C4D5AEF10F1D87EBB76626F4AE0B7F95BA7968799","Valid From [GMT]":"2003.01.07","Valid To [GMT]":"2031.01.07","Trust Bits":"Websites","Distrust for TLS After Date":"2019.12.28","Geographic Focus":"Catalunya in Spain","Mozilla Applied Constraints":""},"violating":true,"violating_rule":"CA must be on current Mozilla list","removed_date":"2024.11.30"},{"ca":{"Owner":"QuoVadis","Certificate Issuer Organization":"QuoVadis Limited","Common Name or Certificate Name":"QuoVadis Root CA 3 G3","SHA-256 Fingerprint":"88EF81DE202EB018452E43F864725CEA5FBD1FC2D9D205730709C5D8B8690F46","Valid From [GMT]":"2012.01.12","Valid To [GMT]":"2042.01.12","Trust Bits":"Websites;Email","Distrust for TLS After Date":null,"Geographic Focus":"Global","Mozilla Applied Constraints":""},"violating":false,"violating_rule":null,"removed_date":null},{"ca":{"Owner":"NAVER Cloud Trust Services","Certificate Issuer Organization":"NAVER BUSINESS PLATFORM Corp.","Common Name or Certificate Name":"NAVER Global Root Certification Authority","SHA-256 Fingerprint":"88F438DCF8FFD1FA8F429115FFE5F82AE1E06E0C70C375FAAD717B34A49E7265","Valid From [GMT]":"2017.08.18","Valid To [GMT]":"2037.08.18","Trust Bits":"Websites","Distrust for TLS After Date":null,"Geographic Focus":"South Korea","Mozilla Applied Constraints":""},"violating":true,"violating_rule":"For non-global, only NL allowed (south korea)","removed_date":"2024.11.30"},{"ca":{"Owner":"iTrusChina Co., Ltd.","Certificate Issuer Organization":"iTrusChina Co.,Ltd.","Common Name or Certificate Name":"vTrus Root CA","SHA-256 Fingerprint":"8A71DE6559336F426C26E53880D00D88A18DA4C6A91F0DCB6194E206C5C96387","Valid From [GMT]":"2018.07.31","Valid To [GMT]":"2043.07.31","Trust Bits":"Websites","Distrust for TLS After Date":null,"Geographic Focus":"China","Mozilla Applied Constraints":""},"violating":true,"violating_rule":"For non-global, only NL allowed (china)","removed_date":"2024.11.30"},{"ca":{"Owner":"QuoVadis","Certificate Issuer Organization":"QuoVadis Limited","Common Name or Certificate Name":"QuoVadis Root CA 1 G3","SHA-256 Fingerprint":"8A866FD1B276B57E578E921C65828A2BED58E9F2F288054134B7F1F4BFC9CC74","Valid From [GMT]":"2012.01.12","Valid To [GMT]":"2042.01.12","Trust Bits":"Websites;Email","Distrust for TLS After Date":null,"Geographic Focus":"Global","Mozilla Applied Constraints":""},"violating":false,"violating_rule":null,"removed_date":null},{"ca":{"Owner":"Google Trust Services LLC","Certificate Issuer Organization":"Google Trust Services LLC","Common Name or Certificate Name":"GTS Root R2","SHA-256 Fingerprint":"8D25CD97229DBF70356BDA4EB3CC734031E24CF00FAFCFD32DC76EB5841C7EA8","Valid From [GMT]":"2016.06.22","Valid To [GMT]":"2036.06.22","Trust Bits":"Websites;Email","Distrust for TLS After Date":null,"Geographic Focus":"Global","Mozilla Applied Constraints":""},"violating":false,"violating_rule":null,"removed_date":null},{"ca":{"Owner":"Amazon Trust Services","Certificate Issuer Organization":"Amazon","Common Name or Certificate Name":"Amazon Root CA 1","SHA-256 Fingerprint":"8ECDE6884F3D87B1125BA31AC3FCB13D7016DE7F57CC904FE1CB97C6AE98196E","Valid From [GMT]":"2015.05.26","Valid To [GMT]":"2038.01.17","Trust Bits":"Websites;Email","Distrust for TLS After Date":null,"Geographic Focus":"USA, Global","Mozilla Applied Constraints":""},"violating":false,"violating_rule":null,"removed_date":null},{"ca":{"Owner":"SSL.com","Certificate Issuer Organization":"SSL Corporation","Common Name or Certificate Name":"SSL.com TLS RSA Root CA 2022","SHA-256 Fingerprint":"8FAF7D2E2CB4709BB8E0B33666BF75A5DD45B5DE480F8EA8D4BFE6BEBC17F2ED","Valid From [GMT]":"2022.08.25","Valid To [GMT]":"2046.08.19","Trust Bits":"Websites","Distrust for TLS After Date":null,"Geographic Focus":"USA, Global","Mozilla Applied Constraints":""},"violating":false,"violating_rule":null,"removed_date":null},{"ca":{"Owner":"QuoVadis","Certificate Issuer Organization":"QuoVadis Limited","Common Name or Certificate Name":"QuoVadis Root CA 2 G3","SHA-256 Fingerprint":"8FE4FB0AF93A4D0D67DB0BEBB23E37C71BF325DCBCDD240EA04DAF58B47E1840","Valid From [GMT]":"2012.01.12","Valid To [GMT]":"2042.01.12","Trust Bits":"Websites","Distrust for TLS After Date":null,"Geographic Focus":"Global","Mozilla Applied Constraints":""},"violating":false,"violating_rule":null,"removed_date":null},{"ca":{"Owner":"Deutsche Telekom Security GmbH","Certificate Issuer Organization":"T-Systems Enterprise Services GmbH","Common Name or Certificate Name":"T-TeleSec GlobalRoot Class 2","SHA-256 Fingerprint":"91E2F5788D5810EBA7BA58737DE1548A8ECACD014598BC0B143E041B17052552","Valid From [GMT]":"2008.10.01","Valid To [GMT]":"2033.10.01","Trust Bits":"Websites;Email","Distrust for TLS After Date":null,"Geographic Focus":"Germany","Mozilla Applied Constraints":""},"violating":true,"violating_rule":"For non-global, only NL allowed (germany)","removed_date":"2024.11.30"},{"ca":{"Owner":"Viking Cloud, Inc.","Certificate Issuer Organization":"Trustwave Holdings, Inc.","Common Name or Certificate Name":"Trustwave Global ECC P256 Certification Authority","SHA-256 Fingerprint":"945BBC825EA554F489D1FD51A73DDF2EA624AC7019A05205225C22A78CCFA8B4","Valid From [GMT]":"2017.08.23","Valid To [GMT]":"2042.08.23","Trust Bits":"Websites;Email","Distrust for TLS After Date":null,"Geographic Focus":"USA, Global","Mozilla Applied Constraints":""},"violating":false,"violating_rule":null,"removed_date":null},{"ca":{"Owner":"DigiCert","Certificate Issuer Organization":"Cybertrust, Inc","Common Name or Certificate Name":"Cybertrust Global Root","SHA-256 Fingerprint":"960ADF0063E96356750C2965DD0A0867DA0B9CBD6E77714AEAFB2349AB393DA3","Valid From [GMT]":"2006.12.15","Valid To [GMT]":"2021.12.15","Trust Bits":"Websites","Distrust for TLS After Date":null,"Geographic Focus":"USA, Global","Mozilla Applied Constraints":""},"violating":true,"violating_rule":"CA must be on current Mozilla list","removed_date":"2024.11.30"},{"ca":{"Owner":"Internet Security Research Group","Certificate Issuer Organization":"Internet Security Research Group","Common Name or Certificate Name":"ISRG Root X1","SHA-256 Fingerprint":"96BCEC06264976F37460779ACF28C5A7CFE8A3C0AAE11A8FFCEE05C0BDDF08C6","Valid From [GMT]":"2015.06.04","Valid To [GMT]":"2035.06.04","Trust Bits":"Websites","Distrust for TLS After Date":null,"Geographic Focus":"Global","Mozilla Applied Constraints":""},"violating":true,"violating_rule":"CA must not be on the blocklist [/.*internet security research group.*/i] (internet security research group)","removed_date":"2024.11.30"},{"ca":{"Owner":"Viking Cloud, Inc.","Certificate Issuer Organization":"Trustwave Holdings, Inc.","Common Name or Certificate Name":"Trustwave Global Certification Authority","SHA-256 Fingerprint":"97552015F5DDFC3C8788C006944555408894450084F100867086BC1A2BB58DC8","Valid From [GMT]":"2017.08.23","Valid To [GMT]":"2042.08.23","Trust Bits":"Websites;Email","Distrust for TLS After Date":null,"Geographic Focus":"USA, Global","Mozilla Applied Constraints":""},"violating":false,"violating_rule":null,"removed_date":null},{"ca":{"Owner":"Buypass","Certificate Issuer Organization":"Buypass AS-983163327","Common Name or Certificate Name":"Buypass Class 2 Root CA","SHA-256 Fingerprint":"9A114025197C5BB95D94E63D55CD43790847B646B23CDF11ADA4A00EFF15FB48","Valid From [GMT]":"2010.10.26","Valid To [GMT]":"2040.10.26","Trust Bits":"Websites","Distrust for TLS After Date":null,"Geographic Focus":"Norway, Europe","Mozilla Applied Constraints":""},"violating":true,"violating_rule":"For EU/Global scope, other country MUST be nl/be/ge/usa/uk/north america (norway)","removed_date":"2024.11.30"},{"ca":{"Owner":"e-commerce monitoring GmbH","Certificate Issuer Organization":"e-commerce monitoring GmbH","Common Name or Certificate Name":"GLOBALTRUST 2020","SHA-256 Fingerprint":"9A296A5182D1D451A2E37F439B74DAAFA267523329F90F9A0D2007C334E23C9A","Valid From [GMT]":"2020.02.10","Valid To [GMT]":"2040.06.10","Trust Bits":"Websites;Email","Distrust for TLS After Date":"2024.06.30","Geographic Focus":"Austria, European Union, Global","Mozilla Applied Constraints":""},"violating":true,"violating_rule":"\"Distrust for TLS After Date\" must be in the future (false)","removed_date":"2024.11.30"},{"ca":{"Owner":"Government of Spain, Autoritat de Certificació de la Comunitat Valenciana (ACCV)","Certificate Issuer Organization":"ACCV","Common Name or Certificate Name":"ACCVRAIZ1","SHA-256 Fingerprint":"9A6EC012E1A7DA9DBE34194D478AD7C0DB1822FB071DF12981496ED104384113","Valid From [GMT]":"2011.05.05","Valid To [GMT]":"2030.12.31","Trust Bits":"Websites","Distrust for TLS After Date":null,"Geographic Focus":"Valencia region of Spain","Mozilla Applied Constraints":""},"violating":true,"violating_rule":"For non-global, only NL allowed (valencia region of spain)","removed_date":"2024.11.30"},{"ca":{"Owner":"Shanghai Electronic Certification Authority Co., Ltd.","Certificate Issuer Organization":"UniTrust","Common Name or Certificate Name":"UCA Global G2 Root","SHA-256 Fingerprint":"9BEA11C976FE014764C1BE56A6F914B5A560317ABD9988393382E5161AA0493C","Valid From [GMT]":"2016.03.11","Valid To [GMT]":"2040.12.31","Trust Bits":"Websites;Email","Distrust for TLS After Date":null,"Geographic Focus":"China","Mozilla Applied Constraints":""},"violating":true,"violating_rule":"For non-global, only NL allowed (china)","removed_date":"2024.11.30"},{"ca":{"Owner":"HARICA","Certificate Issuer Organization":"Hellenic Academic and Research Institutions Cert. Authority","Common Name or Certificate Name":"Hellenic Academic and Research Institutions RootCA 2015","SHA-256 Fingerprint":"A040929A02CE53B4ACF4F2FFC6981CE4496F755E6D45FE0B2A692BCD52523F36","Valid From [GMT]":"2015.07.07","Valid To [GMT]":"2040.06.30","Trust Bits":"Websites;Email","Distrust for TLS After Date":null,"Geographic Focus":"Greece, Global","Mozilla Applied Constraints":""},"violating":true,"violating_rule":"For EU/Global scope, other country MUST be nl/be/ge/usa/uk/north america (greece)","removed_date":"2024.11.30"},{"ca":{"Owner":"Krajowa Izba Rozliczeniowa S.A. (KIR)","Certificate Issuer Organization":"Krajowa Izba Rozliczeniowa S.A.","Common Name or Certificate Name":"SZAFIR ROOT CA2","SHA-256 Fingerprint":"A1339D33281A0B56E557D3D32B1CE7F9367EB094BD5FA72A7E5004C8DED7CAFE","Valid From [GMT]":"2015.10.19","Valid To [GMT]":"2035.10.19","Trust Bits":"Websites;Email","Distrust for TLS After Date":null,"Geographic Focus":"Poland","Mozilla Applied Constraints":""},"violating":true,"violating_rule":"For non-global, only NL allowed (poland)","removed_date":"2024.11.30"},{"ca":{"Owner":"Google Trust Services LLC","Certificate Issuer Organization":"GlobalSign","Common Name or Certificate Name":"GlobalSign","SHA-256 Fingerprint":"B085D70B964F191A73E4AF0D54AE7A0E07AAFDAF9B71DD0862138AB7325A24A2","Valid From [GMT]":"2012.11.13","Valid To [GMT]":"2038.01.19","Trust Bits":"Websites;Email","Distrust for TLS After Date":null,"Geographic Focus":"Global","Mozilla Applied Constraints":""},"violating":false,"violating_rule":null,"removed_date":null},{"ca":{"Owner":"E-Tugra","Certificate Issuer Organization":"E-Tuğra EBG Bilişim Teknolojileri ve Hizmetleri A.Ş.","Common Name or Certificate Name":"E-Tugra Certification Authority","SHA-256 Fingerprint":"B0BFD52BB0D7D9BD92BF5D4DC13DA255C02C542F378365EA893911F55E55F23C","Valid From [GMT]":"2013.03.05","Valid To [GMT]":"2023.03.03","Trust Bits":"Websites","Distrust for TLS After Date":null,"Geographic Focus":"Turkey","Mozilla Applied Constraints":""},"violating":true,"violating_rule":"CA must be on current Mozilla list","removed_date":"2024.11.30"},{"ca":{"Owner":"Eviden","Certificate Issuer Organization":"Atos","Common Name or Certificate Name":"Atos TrustedRoot Root CA ECC TLS 2021","SHA-256 Fingerprint":"B2FAE53E14CCD7AB9212064701AE279C1D8988FACB775FA8A008914E663988A8","Valid From [GMT]":"2021.04.22","Valid To [GMT]":"2041.04.17","Trust Bits":"Websites","Distrust for TLS After Date":null,"Geographic Focus":"Germany, Europe","Mozilla Applied Constraints":""},"violating":false,"violating_rule":null,"removed_date":null},{"ca":{"Owner":"Certainly LLC","Certificate Issuer Organization":"Certainly","Common Name or Certificate Name":"Certainly Root E1","SHA-256 Fingerprint":"B4585F22E4AC756A4E8612A1361C5D9D031A93FD84FEBB778FA3068B0FC42DC2","Valid From [GMT]":"2021.04.01","Valid To [GMT]":"2046.04.01","Trust Bits":"Websites","Distrust for TLS After Date":null,"Geographic Focus":"Global","Mozilla Applied Constraints":""},"violating":false,"violating_rule":null,"removed_date":null},{"ca":{"Owner":"Asseco Data Systems S.A. (previously Unizeto Certum)","Certificate Issuer Organization":"Unizeto Technologies S.A.","Common Name or Certificate Name":"Certum Trusted Network CA 2","SHA-256 Fingerprint":"B676F2EDDAE8775CD36CB0F63CD1D4603961F49E6265BA013A2F0307B6D0B804","Valid From [GMT]":"2011.10.06","Valid To [GMT]":"2046.10.06","Trust Bits":"Websites;Email","Distrust for TLS After Date":null,"Geographic Focus":"Poland, Global","Mozilla Applied Constraints":""},"violating":true,"violating_rule":"For EU/Global scope, other country MUST be nl/be/ge/usa/uk/north america (poland)","removed_date":"2024.11.30"},{"ca":{"Owner":"HARICA","Certificate Issuer Organization":"Hellenic Academic and Research Institutions Cert. Authority","Common Name or Certificate Name":"Hellenic Academic and Research Institutions RootCA 2011","SHA-256 Fingerprint":"BC104F15A48BE709DCA542A7E1D4B9DF6F054527E802EAA92D595444258AFE71","Valid From [GMT]":"2011.12.06","Valid To [GMT]":"2031.12.01","Trust Bits":"Websites;Email","Distrust for TLS After Date":null,"Geographic Focus":"Greece, Global","Mozilla Applied Constraints":""},"violating":true,"violating_rule":"CA must be on current Mozilla list","removed_date":"2024.11.30"},{"ca":{"Owner":"eMudhra Technologies Limited","Certificate Issuer Organization":"eMudhra Inc","Common Name or Certificate Name":"emSign ECC Root CA - C3","SHA-256 Fingerprint":"BC4D809B15189D78DB3E1D8CF4F9726A795DA1643CA5F1358E1DDB0EDC0D7EB3","Valid From [GMT]":"2018.02.18","Valid To [GMT]":"2043.02.18","Trust Bits":"Websites;Email","Distrust for TLS After Date":null,"Geographic Focus":"India, Global","Mozilla Applied Constraints":""},"violating":true,"violating_rule":"For EU/Global scope, other country MUST be nl/be/ge/usa/uk/north america (india)","removed_date":"2024.11.30"},{"ca":{"Owner":"Entrust","Certificate Issuer Organization":"AffirmTrust","Common Name or Certificate Name":"AffirmTrust Premium ECC","SHA-256 Fingerprint":"BD71FDF6DA97E4CF62D1647ADD2581B07D79ADF8397EB4ECBA9C5E8488821423","Valid From [GMT]":"2010.01.29","Valid To [GMT]":"2040.12.31","Trust Bits":"Websites","Distrust for TLS After Date":"2024.11.30","Geographic Focus":"North America, Global","Mozilla Applied Constraints":""},"violating":true,"violating_rule":"\"Distrust for TLS After Date\" must be in the future (false)","removed_date":"2024.11.30"},{"ca":{"Owner":"TrustAsia Technologies, Inc.","Certificate Issuer Organization":"TrustAsia Technologies, Inc.","Common Name or Certificate Name":"TrustAsia Global Root CA G4","SHA-256 Fingerprint":"BE4B56CB5056C0136A526DF444508DAA36A0B54F42E4AC38F72AF470E479654C","Valid From [GMT]":"2021.05.20","Valid To [GMT]":"2046.05.19","Trust Bits":"Websites;Email","Distrust for TLS After Date":null,"Geographic Focus":"China","Mozilla Applied Constraints":""},"violating":true,"violating_rule":"For non-global, only NL allowed (china)","removed_date":"2024.11.30"},{"ca":{"Owner":"SwissSign AG","Certificate Issuer Organization":"SwissSign AG","Common Name or Certificate Name":"SwissSign Silver CA - G2","SHA-256 Fingerprint":"BE6C4DA2BBB9BA59B6F3939768374246C3C005993FA98F020D1DEDBED48A81D5","Valid From [GMT]":"2006.10.25","Valid To [GMT]":"2036.10.25","Trust Bits":"Websites;Email","Distrust for TLS After Date":null,"Geographic Focus":"Switzerland - Certificate services are offered worldwide, but due to the SwissSign’s geographical location the focus is on Europe, specifically Switzerland and German, French and Italian-speaking countries.","Mozilla Applied Constraints":""},"violating":true,"violating_rule":"For non-global, only NL allowed (switzerland - certificate services are offered worldwide)","removed_date":"2024.11.30"},{"ca":{"Owner":"Microsec Ltd.","Certificate Issuer Organization":"Microsec Ltd.","Common Name or Certificate Name":"e-Szigno Root CA 2017","SHA-256 Fingerprint":"BEB00B30839B9BC32C32E4447905950641F26421B15ED089198B518AE2EA1B99","Valid From [GMT]":"2017.08.22","Valid To [GMT]":"2042.08.22","Trust Bits":"Websites;Email","Distrust for TLS After Date":null,"Geographic Focus":"Hungary, Europe","Mozilla Applied Constraints":""},"violating":true,"violating_rule":"For EU/Global scope, other country MUST be nl/be/ge/usa/uk/north america (hungary)","removed_date":"2024.11.30"},{"ca":{"Owner":"Google Trust Services LLC","Certificate Issuer Organization":"GlobalSign","Common Name or Certificate Name":"GlobalSign","SHA-256 Fingerprint":"BEC94911C2955676DB6C0A550986D76E3BA005667C442C9762B4FBB773DE228C","Valid From [GMT]":"2012.11.13","Valid To [GMT]":"2038.01.19","Trust Bits":"Websites;Email","Distrust for TLS After Date":null,"Geographic Focus":"Global","Mozilla Applied Constraints":""},"violating":true,"violating_rule":"CA must be on current Mozilla list","removed_date":"2024.11.30"},{"ca":{"Owner":"Autoridad de Certificacion Firmaprofesional","Certificate Issuer Organization":"Firmaprofesional SA","Common Name or Certificate Name":"FIRMAPROFESIONAL CA ROOT-A WEB","SHA-256 Fingerprint":"BEF256DAF26E9C69BDEC1602359798F3CAF71821A03E018257C53C65617F3D4A","Valid From [GMT]":"2022.04.06","Valid To [GMT]":"2047.03.31","Trust Bits":"Websites","Distrust for TLS After Date":null,"Geographic Focus":"Spain","Mozilla Applied Constraints":""},"violating":true,"violating_rule":"For non-global, only NL allowed (spain)","removed_date":"2024.11.30"},{"ca":{"Owner":"Cybertrust Japan / JCSI","Certificate Issuer Organization":"Japan Certification Services, Inc.","Common Name or Certificate Name":"SecureSign RootCA11","SHA-256 Fingerprint":"BF0FEEFB9E3A581AD5F9E9DB7589985743D261085C4D314F6F5D7259AA421612","Valid From [GMT]":"2009.04.08","Valid To [GMT]":"2029.04.08","Trust Bits":"Websites","Distrust for TLS After Date":null,"Geographic Focus":"Japan","Mozilla Applied Constraints":""},"violating":true,"violating_rule":"CA must be on current Mozilla list","removed_date":"2024.11.30"},{"ca":{"Owner":"Taiwan-CA Inc. (TWCA)","Certificate Issuer Organization":"TAIWAN-CA","Common Name or Certificate Name":"TWCA Root Certification Authority","SHA-256 Fingerprint":"BFD88FE1101C41AE3E801BF8BE56350EE9BAD1A6B9BD515EDC5C6D5B8711AC44","Valid From [GMT]":"2008.08.28","Valid To [GMT]":"2030.12.31","Trust Bits":"Websites;Email","Distrust for TLS After Date":null,"Geographic Focus":"Taiwan","Mozilla Applied Constraints":""},"violating":true,"violating_rule":"For non-global, only NL allowed (taiwan)","removed_date":"2024.11.30"},{"ca":{"Owner":"Global Digital Cybersecurity Authority Co., Ltd. (Formerly Guang Dong Certificate Authority (GDCA))","Certificate Issuer Organization":"GUANG DONG CERTIFICATE AUTHORITY CO.,LTD.","Common Name or Certificate Name":"GDCA TrustAUTH R5 ROOT","SHA-256 Fingerprint":"BFFF8FD04433487D6A8AA60C1A29767A9FC2BBB05E420F713A13B992891D3893","Valid From [GMT]":"2014.11.26","Valid To [GMT]":"2040.12.31","Trust Bits":"Websites","Distrust for TLS After Date":null,"Geographic Focus":"China","Mozilla Applied Constraints":""},"violating":true,"violating_rule":"For non-global, only NL allowed (china)","removed_date":"2024.11.30"},{"ca":{"Owner":"Chunghwa Telecom","Certificate Issuer Organization":"Chunghwa Telecom Co., Ltd.","Common Name or Certificate Name":"ePKI Root Certification Authority","SHA-256 Fingerprint":"C0A6F4DC63A24BFDCF54EF2A6A082A0A72DE35803E2FF5FF527AE5D87206DFD5","Valid From [GMT]":"2004.12.20","Valid To [GMT]":"2034.12.20","Trust Bits":"Websites;Email","Distrust for TLS After Date":null,"Geographic Focus":"Taiwan","Mozilla Applied Constraints":""},"violating":true,"violating_rule":"For non-global, only NL allowed (taiwan)","removed_date":"2024.11.30"},{"ca":{"Owner":"SSL.com","Certificate Issuer Organization":"SSL Corporation","Common Name or Certificate Name":"SSL.com TLS ECC Root CA 2022","SHA-256 Fingerprint":"C32FFD9F46F936D16C3673990959434B9AD60AAFBB9E7CF33654F144CC1BA143","Valid From [GMT]":"2022.08.25","Valid To [GMT]":"2046.08.19","Trust Bits":"Websites","Distrust for TLS After Date":null,"Geographic Focus":"USA, Global","Mozilla Applied Constraints":""},"violating":false,"violating_rule":null,"removed_date":null},{"ca":{"Owner":"GoDaddy","Certificate Issuer Organization":"The Go Daddy Group, Inc.","Common Name or Certificate Name":"Go Daddy Class 2 Certification Authority","SHA-256 Fingerprint":"C3846BF24B9E93CA64274C0EC67C1ECC5E024FFCACD2D74019350E81FE546AE4","Valid From [GMT]":"2004.06.29","Valid To [GMT]":"2034.06.29","Trust Bits":"Websites;Email","Distrust for TLS After Date":null,"Geographic Focus":"USA, Global","Mozilla Applied Constraints":""},"violating":false,"violating_rule":null,"removed_date":null},{"ca":{"Owner":"Google Trust Services LLC","Certificate Issuer Organization":"Google Trust Services LLC","Common Name or Certificate Name":"GTS Root R2","SHA-256 Fingerprint":"C45D7BB08E6D67E62E4235110B564E5F78FD92EF058C840AEA4E6455D7585C60","Valid From [GMT]":"2016.06.22","Valid To [GMT]":"2036.06.22","Trust Bits":"Websites","Distrust for TLS After Date":null,"Geographic Focus":"Global","Mozilla Applied Constraints":""},"violating":true,"violating_rule":"CA must be on current Mozilla list","removed_date":"2024.11.30"},{"ca":{"Owner":"Microsoft Corporation","Certificate Issuer Organization":"Microsoft Corporation","Common Name or Certificate Name":"Microsoft RSA Root Certificate Authority 2017","SHA-256 Fingerprint":"C741F70F4B2A8D88BF2E71C14122EF53EF10EBA0CFA5E64CFA20F418853073E0","Valid From [GMT]":"2019.12.18","Valid To [GMT]":"2042.07.18","Trust Bits":"Websites","Distrust for TLS After Date":null,"Geographic Focus":"Global","Mozilla Applied Constraints":""},"violating":false,"violating_rule":null,"removed_date":null},{"ca":{"Owner":"Sectigo","Certificate Issuer Organization":"Sectigo Limited","Common Name or Certificate Name":"Sectigo Public Server Authentication Root E46","SHA-256 Fingerprint":"C90F26F0FB1B4018B22227519B5CA2B53E2CA5B3BE5CF18EFE1BEF47380C5383","Valid From [GMT]":"2021.03.22","Valid To [GMT]":"2046.03.21","Trust Bits":"Websites","Distrust for TLS After Date":null,"Geographic Focus":"USA, UK, Global","Mozilla Applied Constraints":""},"violating":false,"violating_rule":null,"removed_date":null},{"ca":{"Owner":"Google Trust Services LLC","Certificate Issuer Organization":"GlobalSign","Common Name or Certificate Name":"GlobalSign","SHA-256 Fingerprint":"CA42DD41745FD0B81EB902362CF9D8BF719DA1BD1B1EFC946F5B4C99F42C1B9E","Valid From [GMT]":"2006.12.15","Valid To [GMT]":"2021.12.15","Trust Bits":"Websites;Email","Distrust for TLS After Date":null,"Geographic Focus":"Global","Mozilla Applied Constraints":""},"violating":true,"violating_rule":"CA must be on current Mozilla list","removed_date":"2024.11.30"},{"ca":{"Owner":"DigiCert","Certificate Issuer Organization":"DigiCert Inc","Common Name or Certificate Name":"DigiCert Global Root G2","SHA-256 Fingerprint":"CB3CCBB76031E5E0138F8DD39A23F9DE47FFC35E43C1144CEA27D46A5AB1CB5F","Valid From [GMT]":"2013.08.01","Valid To [GMT]":"2038.01.15","Trust Bits":"Websites;Email","Distrust for TLS After Date":null,"Geographic Focus":"USA, Global","Mozilla Applied Constraints":""},"violating":false,"violating_rule":null,"removed_date":null},{"ca":{"Owner":"GlobalSign nv-sa","Certificate Issuer Organization":"GlobalSign","Common Name or Certificate Name":"GlobalSign","SHA-256 Fingerprint":"CBB522D7B7F127AD6A0113865BDF1CD4102E7D0759AF635A7CF4720DC963C53B","Valid From [GMT]":"2009.03.18","Valid To [GMT]":"2029.03.18","Trust Bits":"Websites;Email","Distrust for TLS After Date":null,"Geographic Focus":"Belgium, Global","Mozilla Applied Constraints":""},"violating":false,"violating_rule":null,"removed_date":null},{"ca":{"Owner":"GlobalSign nv-sa","Certificate Issuer Organization":"GlobalSign nv-sa","Common Name or Certificate Name":"GlobalSign Root E46","SHA-256 Fingerprint":"CBB9C44D84B8043E1050EA31A69F514955D7BFD2E2C6B49301019AD61D9F5058","Valid From [GMT]":"2019.03.20","Valid To [GMT]":"2046.03.20","Trust Bits":"Websites","Distrust for TLS After Date":null,"Geographic Focus":"Belgium, Global","Mozilla Applied Constraints":""},"violating":false,"violating_rule":null,"removed_date":null},{"ca":{"Owner":"Viking Cloud, Inc.","Certificate Issuer Organization":"XRamp Security Services Inc","Common Name or Certificate Name":"XRamp Global Certification Authority","SHA-256 Fingerprint":"CECDDC905099D8DADFC5B1D209B737CBE2C18CFB2C10C0FF0BCF0D3286FC1AA2","Valid From [GMT]":"2004.11.01","Valid To [GMT]":"2035.01.01","Trust Bits":"Websites;Email","Distrust for TLS After Date":null,"Geographic Focus":"USA, Global","Mozilla Applied Constraints":""},"violating":false,"violating_rule":null,"removed_date":null},{"ca":{"Owner":"TrustCor Systems","Certificate Issuer Organization":"TrustCor Systems S. de R.L.","Common Name or Certificate Name":"TrustCor RootCert CA-1","SHA-256 Fingerprint":"D40E9C86CD8FE468C1776959F49EA774FA548684B6C406F3909261F4DCE2575C","Valid From [GMT]":"2016.02.04","Valid To [GMT]":"2029.12.31","Trust Bits":"Websites;Email","Distrust for TLS After Date":"2022.11.30","Geographic Focus":"Canada, Global","Mozilla Applied Constraints":""},"violating":true,"violating_rule":"CA must be on current Mozilla list","removed_date":"2024.11.30"},{"ca":{"Owner":"Shanghai Electronic Certification Authority Co., Ltd.","Certificate Issuer Organization":"UniTrust","Common Name or Certificate Name":"UCA Extended Validation Root","SHA-256 Fingerprint":"D43AF9B35473755C9684FC06D7D8CB70EE5C28E773FB294EB41EE71722924D24","Valid From [GMT]":"2015.03.13","Valid To [GMT]":"2038.12.31","Trust Bits":"Websites","Distrust for TLS After Date":null,"Geographic Focus":"China","Mozilla Applied Constraints":""},"violating":true,"violating_rule":"For non-global, only NL allowed (china)","removed_date":"2024.11.30"},{"ca":{"Owner":"Certigna","Certificate Issuer Organization":"Dhimyotis","Common Name or Certificate Name":"Certigna Root CA","SHA-256 Fingerprint":"D48D3D23EEDB50A459E55197601C27774B9D7B18C94D5A059511A10250B93168","Valid From [GMT]":"2013.10.01","Valid To [GMT]":"2033.10.01","Trust Bits":"Websites;Email","Distrust for TLS After Date":null,"Geographic Focus":"France, Europe","Mozilla Applied Constraints":""},"violating":true,"violating_rule":"For EU/Global scope, other country MUST be nl/be/ge/usa/uk/north america (france)","removed_date":"2024.11.30"},{"ca":{"Owner":"Sectigo","Certificate Issuer Organization":"Comodo CA Limited","Common Name or Certificate Name":"AAA Certificate Services","SHA-256 Fingerprint":"D7A7A0FB5D7E2731D771E9484EBCDEF71D5F0C3E0A2948782BC83EE0EA699EF4","Valid From [GMT]":"2004.01.01","Valid To [GMT]":"2028.12.31","Trust Bits":"Websites;Email","Distrust for TLS After Date":null,"Geographic Focus":"USA, UK, Global","Mozilla Applied Constraints":""},"violating":true,"violating_rule":"CA must not be on the blocklist [/.*comodo.*/] (comodo ca limited)","removed_date":"2024.11.30"},{"ca":{"Owner":"Google Trust Services LLC","Certificate Issuer Organization":"Google Trust Services LLC","Common Name or Certificate Name":"GTS Root R1","SHA-256 Fingerprint":"D947432ABDE7B7FA90FC2E6B59101B1280E0E1C7E4E40FA3C6887FFF57A7F4CF","Valid From [GMT]":"2016.06.22","Valid To [GMT]":"2036.06.22","Trust Bits":"Websites;Email","Distrust for TLS After Date":null,"Geographic Focus":"Global","Mozilla Applied Constraints":""},"violating":false,"violating_rule":null,"removed_date":null},{"ca":{"Owner":"HARICA","Certificate Issuer Organization":"Hellenic Academic and Research Institutions CA","Common Name or Certificate Name":"HARICA TLS RSA Root CA 2021","SHA-256 Fingerprint":"D95D0E8EDA79525BF9BEB11B14D2100D3294985F0C62D9FABD9CD999ECCB7B1D","Valid From [GMT]":"2021.02.19","Valid To [GMT]":"2045.02.13","Trust Bits":"Websites","Distrust for TLS After Date":null,"Geographic Focus":"Greece, Global","Mozilla Applied Constraints":""},"violating":true,"violating_rule":"For EU/Global scope, other country MUST be nl/be/ge/usa/uk/north america (greece)","removed_date":"2024.11.30"},{"ca":{"Owner":"Entrust","Certificate Issuer Organization":"Entrust, Inc.","Common Name or Certificate Name":"Entrust Root Certification Authority - G4","SHA-256 Fingerprint":"DB3517D1F6732A2D5AB97C533EC70779EE3270A62FB4AC4238372460E6F01E88","Valid From [GMT]":"2015.05.27","Valid To [GMT]":"2037.12.27","Trust Bits":"Email","Distrust for TLS After Date":"2024.11.19","Geographic Focus":"North America, Global","Mozilla Applied Constraints":""},"violating":true,"violating_rule":"CA must be on current Mozilla list","removed_date":"2024.11.30"},{"ca":{"Owner":"Telia Company","Certificate Issuer Organization":"TeliaSonera","Common Name or Certificate Name":"TeliaSonera Root CA v1","SHA-256 Fingerprint":"DD6936FE21F8F077C123A1A521C12224F72255B73E03A7260693E8A24B0FA389","Valid From [GMT]":"2007.10.18","Valid To [GMT]":"2032.10.18","Trust Bits":"Websites;Email","Distrust for TLS After Date":null,"Geographic Focus":"Finland, Sweden, Norway, Denmark, Lithuania, Estonia","Mozilla Applied Constraints":""},"violating":true,"violating_rule":"For non-global, only NL allowed (finland)","removed_date":"2024.11.30"},{"ca":{"Owner":"TrustAsia Technologies, Inc.","Certificate Issuer Organization":"TrustAsia Technologies, Inc.","Common Name or Certificate Name":"TrustAsia Global Root CA G3","SHA-256 Fingerprint":"E0D3226AEB1163C2E48FF9BE3B50B4C6431BE7BB1EACC5C36B5D5EC509039A08","Valid From [GMT]":"2021.05.20","Valid To [GMT]":"2046.05.19","Trust Bits":"Websites;Email","Distrust for TLS After Date":null,"Geographic Focus":"China","Mozilla Applied Constraints":""},"violating":true,"violating_rule":"For non-global, only NL allowed (china)","removed_date":"2024.11.30"},{"ca":{"Owner":"Disig, a.s.","Certificate Issuer Organization":"Disig a.s.","Common Name or Certificate Name":"CA Disig Root R2","SHA-256 Fingerprint":"E23D4A036D7B70E9F595B1422079D2B91EDFBB1FB651A0633EAA8A9DC5F80703","Valid From [GMT]":"2012.07.19","Valid To [GMT]":"2042.07.19","Trust Bits":"Websites;Email","Distrust for TLS After Date":null,"Geographic Focus":"Slovak Republic","Mozilla Applied Constraints":""},"violating":true,"violating_rule":"For non-global, only NL allowed (slovak republic)","removed_date":"2024.11.30"},{"ca":{"Owner":"Amazon Trust Services","Certificate Issuer Organization":"Amazon","Common Name or Certificate Name":"Amazon Root CA 4","SHA-256 Fingerprint":"E35D28419ED02025CFA69038CD623962458DA5C695FBDEA3C22B0BFB25897092","Valid From [GMT]":"2015.05.26","Valid To [GMT]":"2040.05.26","Trust Bits":"Websites;Email","Distrust for TLS After Date":null,"Geographic Focus":"USA, Global","Mozilla Applied Constraints":""},"violating":false,"violating_rule":null,"removed_date":null},{"ca":{"Owner":"Certigna","Certificate Issuer Organization":"Dhimyotis","Common Name or Certificate Name":"Certigna","SHA-256 Fingerprint":"E3B6A2DB2ED7CE48842F7AC53241C7B71D54144BFB40C11F3F1D0B42F5EEA12D","Valid From [GMT]":"2007.06.29","Valid To [GMT]":"2027.06.29","Trust Bits":"Websites;Email","Distrust for TLS After Date":null,"Geographic Focus":"France, Europe","Mozilla Applied Constraints":""},"violating":true,"violating_rule":"For EU/Global scope, other country MUST be nl/be/ge/usa/uk/north america (france)","removed_date":"2024.11.30"},{"ca":{"Owner":"D-Trust","Certificate Issuer Organization":"D-Trust GmbH","Common Name or Certificate Name":"D-TRUST BR Root CA 1 2020","SHA-256 Fingerprint":"E59AAA816009C22BFF5B25BAD37DF306F049797C1F81D85AB089E657BD8F0044","Valid From [GMT]":"2020.02.11","Valid To [GMT]":"2035.02.11","Trust Bits":"Websites","Distrust for TLS After Date":null,"Geographic Focus":"Germany, Europe, Global","Mozilla Applied Constraints":""},"violating":false,"violating_rule":null,"removed_date":null},{"ca":{"Owner":"SECOM Trust Systems Co., Ltd.","Certificate Issuer Organization":"SECOM Trust Systems CO.,LTD.","Common Name or Certificate Name":"Security Communication ECC RootCA1","SHA-256 Fingerprint":"E74FBDA55BD564C473A36B441AA799C8A68E077440E8288B9FA1E50E4BBACA11","Valid From [GMT]":"2016.06.16","Valid To [GMT]":"2038.01.18","Trust Bits":"Websites;Email","Distrust for TLS After Date":null,"Geographic Focus":"Japan","Mozilla Applied Constraints":""},"violating":true,"violating_rule":"For non-global, only NL allowed (japan)","removed_date":"2024.11.30"},{"ca":{"Owner":"SECOM Trust Systems CO., LTD.","Certificate Issuer Organization":"SECOM Trust.net","Common Name or Certificate Name":"SECOM Trust.net - Security Communication RootCA1","SHA-256 Fingerprint":"E75E72ED9F560EEC6EB4800073A43FC3AD19195A392282017895974A99026B6C","Valid From [GMT]":"2003.09.30","Valid To [GMT]":"2023.09.30","Trust Bits":"Websites;Email","Distrust for TLS After Date":null,"Geographic Focus":"Japan","Mozilla Applied Constraints":""},"violating":true,"violating_rule":"CA must be on current Mozilla list","removed_date":"2024.11.30"},{"ca":{"Owner":"Cybertrust Japan / JCSI","Certificate Issuer Organization":"Cybertrust Japan Co., Ltd.","Common Name or Certificate Name":"SecureSign Root CA15","SHA-256 Fingerprint":"E778F0F095FE843729CD1A0082179E5314A9C291442805E1FB1D8FB6B8886C3A","Valid From [GMT]":"2020.04.08","Valid To [GMT]":"2045.04.08","Trust Bits":"Websites","Distrust for TLS After Date":null,"Geographic Focus":"Japan","Mozilla Applied Constraints":""},"violating":true,"violating_rule":"For non-global, only NL allowed (japan)","removed_date":"2024.11.30"},{"ca":{"Owner":"Sectigo","Certificate Issuer Organization":"The USERTRUST Network","Common Name or Certificate Name":"USERTrust RSA Certification Authority","SHA-256 Fingerprint":"E793C9B02FD8AA13E21C31228ACCB08119643B749C898964B1746D46C3D4CBD2","Valid From [GMT]":"2010.02.01","Valid To [GMT]":"2038.01.18","Trust Bits":"Websites;Email","Distrust for TLS After Date":null,"Geographic Focus":"USA, UK, Global","Mozilla Applied Constraints":""},"violating":false,"violating_rule":null,"removed_date":null},{"ca":{"Owner":"certSIGN","Certificate Issuer Organization":"certSIGN","Common Name or Certificate Name":"certSIGN ROOT CA","SHA-256 Fingerprint":"EAA962C4FA4A6BAFEBE415196D351CCD888D4F53F3FA8AE6D7C466A94E6042BB","Valid From [GMT]":"2006.07.04","Valid To [GMT]":"2031.07.04","Trust Bits":"Websites","Distrust for TLS After Date":null,"Geographic Focus":"Romania","Mozilla Applied Constraints":""},"violating":true,"violating_rule":"For non-global, only NL allowed (romania)","removed_date":"2024.11.30"},{"ca":{"Owner":"Government of Spain, Fábrica Nacional de Moneda y Timbre (FNMT)","Certificate Issuer Organization":"FNMT-RCM","Common Name or Certificate Name":"AC RAIZ FNMT-RCM","SHA-256 Fingerprint":"EBC5570C29018C4D67B1AA127BAF12F703B4611EBC17B7DAB5573894179B93FA","Valid From [GMT]":"2008.10.29","Valid To [GMT]":"2030.01.01","Trust Bits":"Websites","Distrust for TLS After Date":null,"Geographic Focus":"Spain","Mozilla Applied Constraints":""},"violating":true,"violating_rule":"For non-global, only NL allowed (spain)","removed_date":"2024.11.30"},{"ca":{"Owner":"GlobalSign nv-sa","Certificate Issuer Organization":"GlobalSign nv-sa","Common Name or Certificate Name":"GlobalSign Root CA","SHA-256 Fingerprint":"EBD41040E4BB3EC742C9E381D31EF2A41A48B6685C96E7CEF3C1DF6CD4331C99","Valid From [GMT]":"1998.09.01","Valid To [GMT]":"2028.01.28","Trust Bits":"Websites;Email","Distrust for TLS After Date":null,"Geographic Focus":"Belgium, Global","Mozilla Applied Constraints":""},"violating":false,"violating_rule":null,"removed_date":null},{"ca":{"Owner":"Buypass","Certificate Issuer Organization":"Buypass AS-983163327","Common Name or Certificate Name":"Buypass Class 3 Root CA","SHA-256 Fingerprint":"EDF7EBBCA27A2A384D387B7D4010C666E2EDB4843E4C29B4AE1D5B9332E6B24D","Valid From [GMT]":"2010.10.26","Valid To [GMT]":"2040.10.26","Trust Bits":"Websites","Distrust for TLS After Date":null,"Geographic Focus":"Norway, Europe","Mozilla Applied Constraints":""},"violating":true,"violating_rule":"For EU/Global scope, other country MUST be nl/be/ge/usa/uk/north america (norway)","removed_date":"2024.11.30"},{"ca":{"Owner":"D-Trust","Certificate Issuer Organization":"D-Trust GmbH","Common Name or Certificate Name":"D-TRUST Root Class 3 CA 2 EV 2009","SHA-256 Fingerprint":"EEC5496B988CE98625B934092EEC2908BED0B0F316C2D4730C84EAF1F3D34881","Valid From [GMT]":"2009.11.05","Valid To [GMT]":"2029.11.05","Trust Bits":"Websites","Distrust for TLS After Date":null,"Geographic Focus":"Germany, Europe, Global","Mozilla Applied Constraints":""},"violating":false,"violating_rule":null,"removed_date":null},{"ca":{"Owner":"E-Tugra","Certificate Issuer Organization":"E-Tugra EBG A.S.","Common Name or Certificate Name":"E-Tugra Global Root CA RSA v3","SHA-256 Fingerprint":"EF66B0B10A3CDB9F2E3648C76BD2AF18EAD2BFE6F117655E28C4060DA1A3F4C2","Valid From [GMT]":"2020.03.18","Valid To [GMT]":"2045.03.12","Trust Bits":"Websites","Distrust for TLS After Date":null,"Geographic Focus":"Turkey","Mozilla Applied Constraints":""},"violating":true,"violating_rule":"CA must be on current Mozilla list","removed_date":"2024.11.30"},{"ca":{"Owner":"Deutsche Telekom Security GmbH","Certificate Issuer Organization":"Deutsche Telekom Security GmbH","Common Name or Certificate Name":"Telekom Security TLS RSA Root 2023","SHA-256 Fingerprint":"EFC65CADBB59ADB6EFE84DA22311B35624B71B3B1EA0DA8B6655174EC8978646","Valid From [GMT]":"2023.03.28","Valid To [GMT]":"2048.03.27","Trust Bits":"Websites","Distrust for TLS After Date":null,"Geographic Focus":"Germany","Mozilla Applied Constraints":""},"violating":true,"violating_rule":"For non-global, only NL allowed (germany)","removed_date":"2024.11.30"},{"ca":{"Owner":"Chunghwa Telecom","Certificate Issuer Organization":"Chunghwa Telecom Co., Ltd.","Common Name or Certificate Name":"HiPKI Root CA - G1","SHA-256 Fingerprint":"F015CE3CC239BFEF064BE9F1D2C417E1A0264A0A94BE1F0C8D121864EB6949CC","Valid From [GMT]":"2019.02.22","Valid To [GMT]":"2037.12.31","Trust Bits":"Websites","Distrust for TLS After Date":null,"Geographic Focus":"Taiwan","Mozilla Applied Constraints":""},"violating":true,"violating_rule":"For non-global, only NL allowed (taiwan)","removed_date":"2024.11.30"},{"ca":{"Owner":"Viking Cloud, Inc.","Certificate Issuer Organization":"SecureTrust Corporation","Common Name or Certificate Name":"SecureTrust CA","SHA-256 Fingerprint":"F1C1B50AE5A20DD8030EC9F6BC24823DD367B5255759B4E71B61FCE9F7375D73","Valid From [GMT]":"2006.11.07","Valid To [GMT]":"2029.12.31","Trust Bits":"Websites","Distrust for TLS After Date":null,"Geographic Focus":"USA, Global","Mozilla Applied Constraints":""},"violating":false,"violating_rule":null,"removed_date":null},{"ca":{"Owner":"Eviden","Certificate Issuer Organization":"Atos","Common Name or Certificate Name":"Atos TrustedRoot 2011","SHA-256 Fingerprint":"F356BEA244B7A91EB35D53CA9AD7864ACE018E2D35D5F8F96DDF68A6F41AA474","Valid From [GMT]":"2011.07.07","Valid To [GMT]":"2030.12.31","Trust Bits":"Websites;Email","Distrust for TLS After Date":null,"Geographic Focus":"Germany, Europe","Mozilla Applied Constraints":""},"violating":false,"violating_rule":null,"removed_date":null},{"ca":{"Owner":"BEIJING CERTIFICATE AUTHORITY Co., Ltd.","Certificate Issuer Organization":"BEIJING CERTIFICATE AUTHORITY","Common Name or Certificate Name":"BJCA Global Root CA1","SHA-256 Fingerprint":"F3896F88FE7C0A882766A7FA6AD2749FB57A7F3E98FB769C1FA7B09C2C44D5AE","Valid From [GMT]":"2019.12.19","Valid To [GMT]":"2044.12.12","Trust Bits":"Websites;Email","Distrust for TLS After Date":null,"Geographic Focus":"China","Mozilla Applied Constraints":""},"violating":true,"violating_rule":"For non-global, only NL allowed (china)","removed_date":"2024.11.30"},{"ca":{"Owner":"Government of Hong Kong (SAR), Hongkong Post, Certizen","Certificate Issuer Organization":"Hongkong Post","Common Name or Certificate Name":"Hongkong Post Root CA 1","SHA-256 Fingerprint":"F9E67D336C51002AC054C632022D66DDA2E7E3FFF10AD061ED31D8BBB410CFB2","Valid From [GMT]":"2003.05.15","Valid To [GMT]":"2023.05.15","Trust Bits":"Websites","Distrust for TLS After Date":null,"Geographic Focus":"Hong Kong (SAR), China","Mozilla Applied Constraints":""},"violating":true,"violating_rule":"CA must be on current Mozilla list","removed_date":"2024.11.30"},{"ca":{"Owner":"Autoridad de Certificación (ANF AC)","Certificate Issuer Organization":"ANF Autoridad de Certificacion","Common Name or Certificate Name":"ANF Secure Server Root CA","SHA-256 Fingerprint":"FB8FEC759169B9106B1E511644C618C51304373F6C0643088D8BEFFD1B997599","Valid From [GMT]":"2019.09.04","Valid To [GMT]":"2039.08.30","Trust Bits":"Websites","Distrust for TLS After Date":null,"Geographic Focus":"Mainly Spain, European Union","Mozilla Applied Constraints":""},"violating":true,"violating_rule":"For non-global, only NL allowed (mainly spain)","removed_date":"2024.11.30"},{"ca":{"Owner":"Deutsche Telekom Security GmbH","Certificate Issuer Organization":"T-Systems Enterprise Services GmbH","Common Name or Certificate Name":"T-TeleSec GlobalRoot Class 3","SHA-256 Fingerprint":"FD73DAD31C644FF1B43BEF0CCDDA96710B9CD9875ECA7E31707AF3E96D522BBD","Valid From [GMT]":"2008.10.01","Valid To [GMT]":"2033.10.01","Trust Bits":"Websites","Distrust for TLS After Date":null,"Geographic Focus":"Germany","Mozilla Applied Constraints":""},"violating":true,"violating_rule":"For non-global, only NL allowed (germany)","removed_date":"2024.11.30"},{"ca":{"Owner":"Asseco Data Systems S.A. (previously Unizeto Certum)","Certificate Issuer Organization":"Asseco Data Systems S.A.","Common Name or Certificate Name":"Certum Trusted Root CA","SHA-256 Fingerprint":"FE7696573855773E37A95E7AD4D9CC96C30157C15D31765BA9B15704E1AE78FD","Valid From [GMT]":"2018.03.16","Valid To [GMT]":"2043.03.16","Trust Bits":"Websites;Email","Distrust for TLS After Date":null,"Geographic Focus":"Poland, Global","Mozilla Applied Constraints":""},"violating":true,"violating_rule":"For EU/Global scope, other country MUST be nl/be/ge/usa/uk/north america (poland)","removed_date":"2024.11.30"},{"ca":{"Owner":"CommScope","Certificate Issuer Organization":"CommScope","Common Name or Certificate Name":"CommScope Public Trust RSA Root-02","SHA-256 Fingerprint":"FFE943D793424B4F7C440C1C3D648D5363F34B82DC87AA7A9F118FC5DEE101F1","Valid From [GMT]":"2021.04.28","Valid To [GMT]":"2046.04.28","Trust Bits":"Websites","Distrust for TLS After Date":null,"Geographic Focus":"We have certificate customers (currently for private CAs) in multiple regions - USA, Canada, LATAM, Europe, China","Mozilla Applied Constraints":""},"violating":true,"violating_rule":"For EU/Global scope, other country MUST be nl/be/ge/usa/uk/north america (china)","removed_date":"2024.11.30"}]