id,title,display_url,url,search_term,search_engine,brand,last_seen,country_codes,by,category,content,date
20183097,Téléchargez l'Appli - Rapidité et Sécurité Garanties,Téléchargez l'Appli - Rapidité et Sécurité Garanties,https://payconiq.lu/fr/,Payconiq,Google,epicompany,2024-09-19 22:09:01,lu,Netcraft Auto,monitoring,"Avec l'Appli Payconiq et payez en toute simplicité en Magasin, en Ligne ou sur Mobile. Tout est plus...",2025-04-06
20183098,Télécharger Payconiq - Dernière Version 2024,Télécharger Payconiq - Dernière Version 2024,https://111-apps.com/fr/apps/payconiq/,Payconiq,Google,epicompany,2024-09-19 22:09:01,lu,Netcraft Auto,ignore,Payconiq App - Télécharger & Installer Dernière Version 2024. Payconiq App: Le Paiement Mobile.,2024-09-28
20183258,Payconiq by Bancontact,https://www.payconiq.be,https://www.payconiq.be/nl/particulier/online-betalen,Payconiq,Google,epicompany,2024-09-19 22:09:17,be,Netcraft Auto,ignore,"Betaal online met de app — Je eindejaarscadeaus makkelijk online biepen? Download nu de Payconiq by Bancontact-app. Makkelijk en snel online betalen met Bancontact? Download onze betaalapp vandaag nog. Alles in één enkele app. Snel, veilig en makkelijk.",2024-09-28
20194204,Compare Merchant Services | Top 10 Merchant Services,https://www.bestopicks.com,https://www.bestopicks.com/top-10-merchant-services?utm_source=bing&utm_medium=cpc&utm_campaign=0914_Business&utm_term=merchant%20payment%20services&utm_content=Top%2010%20Merchant%20Services,Payconiq,Bing,epicompany,2024-09-19 23:37:29,us,Netcraft Auto,ignore,Top 10 Merchant Services ranked. Choose the best for seamless transactions! Discover Top 10 Merchant Services. Boost sales with the right payment solution!,2024-09-28
20194205,Compare EPOS With Tech.co | Quick Quotes With Tech.co,https://compare.tech.co/Restaurant/POS,https://compare.tech.co/top-pos-systems-bing/?cid=66d96e3ea9527&utm_source=bing&utm_medium=cpc&utm_campaign=614084808&utm_content=1158887158301588&utm_term=payment%20processing%20systems&campaign=614084808&adgroup=1158887158301588&keyword=payment%20processing%20systems&keywordid=72431175744313&target=kwd-72431175744313:loc-190&ad=72430786567190&matchtype=b&bidmatchtype=bb&ad=&network=o&device=c&ismobile=0&issearch=1&geo=100277&geointerest=&feeditem=&ppcp_platform=bing&msclkid=4a98d1f985ab1183ca14b71530ca8e00,Payconiq,Bing,epicompany,2024-09-19 23:37:29,us,Netcraft Auto,ignore,"Manage Your Business Efficiently With These POS Systems. Start Saving Today. Let Customers Book Tables, Place Orders, Pay Online & Receive Offers All From Their Phone!Compare POS Systems · Top POS Systems Reviewed · POS System Providers",2024-09-24
20194206,What Is A POS System?,https://compare.tech.co/Restaurant/POS,https://compare.tech.co/top-pos-systems/?sitelink=WhatIs&cid=62b4736ccb88f&utm_source=bing&utm_medium=cpc&utm_campaign=614084808&utm_content=1158887158301588&utm_term=payment%20processing%20systems&campaign=614084808&adgroup=1158887158301588&keyword=payment%20processing%20systems&keywordid=72431175744313&target=kwd-72431175744313:loc-190&ad=72430786567190&matchtype=b&bidmatchtype=bb&ad=&network=o&device=c&ismobile=0&issearch=1&geo=100277&geointerest=&feeditem=7696603507848&ppcp_platform=bing&msclkid=7cc22e1ca28a13abe80a48f017ebb476,Payconiq,Bing,epicompany,2024-09-19 23:37:29,us,Netcraft Auto,ignore,"Manage Your Business Efficiently With These POS Systems. Start Saving Today. Let Customers Book Tables, Place Orders, Pay Online & Receive Offers All From Their Phone!Compare POS Systems · Top POS Systems Reviewed · POS System Providers",2024-09-28
20194207,Browse Editor's Top Picks,https://compare.tech.co/Restaurant/POS,https://compare.tech.co/top-pos-systems/?sitelink=TopPicks&cid=62b4736ccb88f&utm_source=bing&utm_medium=cpc&utm_campaign=614084808&utm_content=1158887158301588&utm_term=payment%20processing%20systems&campaign=614084808&adgroup=1158887158301588&keyword=payment%20processing%20systems&keywordid=72431175744313&target=kwd-72431175744313:loc-190&ad=72430786567190&matchtype=b&bidmatchtype=bb&ad=&network=o&device=c&ismobile=0&issearch=1&geo=100277&geointerest=&feeditem=7696603507849&ppcp_platform=bing&msclkid=46efae430a1a1921f036c8afbf7b9025,Payconiq,Bing,epicompany,2024-09-19 23:37:29,us,Netcraft Auto,ignore,"Manage Your Business Efficiently With These POS Systems. Start Saving Today. Let Customers Book Tables, Place Orders, Pay Online & Receive Offers All From Their Phone!Compare POS Systems · Top POS Systems Reviewed · POS System Providers",2024-09-28
20194208,Top Restaurant POS System,https://compare.tech.co/Restaurant/POS,https://compare.tech.co/top-pos-systems/?sitelink=Restaurant&cid=62b4736ccb88f&utm_source=bing&utm_medium=cpc&utm_campaign=614084808&utm_content=1158887158301588&utm_term=payment%20processing%20systems&campaign=614084808&adgroup=1158887158301588&keyword=payment%20processing%20systems&keywordid=72431175744313&target=kwd-72431175744313:loc-190&ad=72430786567190&matchtype=b&bidmatchtype=bb&ad=&network=o&device=c&ismobile=0&issearch=1&geo=100277&geointerest=&feeditem=7696603507846&ppcp_platform=bing&msclkid=c47ac1257af410cf43eaa7c9cf95d679,Payconiq,Bing,epicompany,2024-09-19 23:37:29,us,Netcraft Auto,ignore,"Manage Your Business Efficiently With These POS Systems. Start Saving Today. Let Customers Book Tables, Place Orders, Pay Online & Receive Offers All From Their Phone!Compare POS Systems · Top POS Systems Reviewed · POS System Providers",2024-09-28
20194209,Payroll Services,https://compare.tech.co/Restaurant/POS,https://compare.tech.co/best-payroll-software-us/?cid=63219d0910a8f&sitelink=best_for_me&msclkid=270fb744553918b2bcebd1a8e0584973&utm_source=bing&utm_medium=cpc&utm_campaign=66d96e3ea9527%20-%20SER%20-%20TechCo%20-%20POS%20Systems%20-%20US%20-%20EN%20-%20POS%20Systems%20-%20BR&utm_term=payment%20processing%20systems&utm_content=POS%20-%20Payment%20Processing&utm_source=bing&utm_medium=cpc&utm_campaign=614084808&utm_content=1158887158301588&utm_term=payment%20processing%20systems&campaign=614084808&adgroup=1158887158301588&keyword=payment%20processing%20systems&keywordid=72431175744313&target=kwd-72431175744313:loc-190&ad=72430786567190&matchtype=b&bidmatchtype=bb&ad=&network=o&device=c&ismobile=0&issearch=1&geo=100277&geointerest=&feeditem=&ppcp_platform=bing&msclkid=270fb744553918b2bcebd1a8e0584973,Payconiq,Bing,epicompany,2024-09-19 23:37:59,us,Netcraft Auto,ignore,"Manage Your Business Efficiently With These POS Systems. Start Saving Today. Let Customers Book Tables, Place Orders, Pay Online & Receive Offers All From Their Phone!Compare POS Systems · Top POS Systems Reviewed · POS System Providers",2024-09-28
20194210,3 Months Free,https://compare.tech.co/Restaurant/POS,https://compare.tech.co/best-crm-software-us/?cid=62a0abda1859d&msclkid=ce606d55e9a31d6361930bb95cc289f9&utm_source=bing&utm_medium=cpc&utm_campaign=66d96e3ea9527%20-%20SER%20-%20TechCo%20-%20POS%20Systems%20-%20US%20-%20EN%20-%20POS%20Systems%20-%20BR&utm_term=payment%20processing%20systems&utm_content=POS%20-%20Payment%20Processing&utm_source=bing&utm_medium=cpc&utm_campaign=614084808&utm_content=1158887158301588&utm_term=payment%20processing%20systems&campaign=614084808&adgroup=1158887158301588&keyword=payment%20processing%20systems&keywordid=72431175744313&target=kwd-72431175744313:loc-190&ad=72430786567190&matchtype=b&bidmatchtype=bb&ad=&network=o&device=c&ismobile=0&issearch=1&geo=100277&geointerest=&feeditem=&ppcp_platform=bing&msclkid=ce606d55e9a31d6361930bb95cc289f9,Payconiq,Bing,epicompany,2024-09-19 23:37:59,us,Netcraft Auto,ignore,"Manage Your Business Efficiently With These POS Systems. Start Saving Today. Let Customers Book Tables, Place Orders, Pay Online & Receive Offers All From Their Phone!Compare POS Systems · Top POS Systems Reviewed · POS System Providers",2024-09-28
20194211,Easier Payroll Management,https://compare.tech.co/Restaurant/POS,https://compare.tech.co/best-payroll-software-us/?cid=63219d0910a8f&msclkid=71875a1170e01cdadf303cfdc581abf7&utm_source=bing&utm_medium=cpc&utm_campaign=66d96e3ea9527%20-%20SER%20-%20TechCo%20-%20POS%20Systems%20-%20US%20-%20EN%20-%20POS%20Systems%20-%20BR&utm_term=payment%20processing%20systems&utm_content=POS%20-%20Payment%20Processing&utm_source=bing&utm_medium=cpc&utm_campaign=614084808&utm_content=1158887158301588&utm_term=payment%20processing%20systems&campaign=614084808&adgroup=1158887158301588&keyword=payment%20processing%20systems&keywordid=72431175744313&target=kwd-72431175744313:loc-190&ad=72430786567190&matchtype=b&bidmatchtype=bb&ad=&network=o&device=c&ismobile=0&issearch=1&geo=100277&geointerest=&feeditem=&ppcp_platform=bing&msclkid=71875a1170e01cdadf303cfdc581abf7,Payconiq,Bing,epicompany,2024-09-19 23:37:59,us,Netcraft Auto,ignore,"Manage Your Business Efficiently With These POS Systems. Start Saving Today. Let Customers Book Tables, Place Orders, Pay Online & Receive Offers All From Their Phone!Compare POS Systems · Top POS Systems Reviewed · POS System Providers",2024-09-28
20194212,Fast and Easy Invoicing,https://compare.tech.co/Restaurant/POS,https://compare.tech.co/best-accounting-software-us/?cid=637e42be3647a&msclkid=e8dc9094db401d5e5e1bf6786e21e33f&utm_source=bing&utm_medium=cpc&utm_campaign=66d96e3ea9527%20-%20SER%20-%20TechCo%20-%20POS%20Systems%20-%20US%20-%20EN%20-%20POS%20Systems%20-%20BR&utm_term=payment%20processing%20systems&utm_content=POS%20-%20Payment%20Processing&utm_source=bing&utm_medium=cpc&utm_campaign=614084808&utm_content=1158887158301588&utm_term=payment%20processing%20systems&campaign=614084808&adgroup=1158887158301588&keyword=payment%20processing%20systems&keywordid=72431175744313&target=kwd-72431175744313:loc-190&ad=72430786567190&matchtype=b&bidmatchtype=bb&ad=&network=o&device=c&ismobile=0&issearch=1&geo=100277&geointerest=&feeditem=&ppcp_platform=bing&msclkid=e8dc9094db401d5e5e1bf6786e21e33f,Payconiq,Bing,epicompany,2024-09-19 23:37:59,us,Netcraft Auto,ignore,"Manage Your Business Efficiently With These POS Systems. Start Saving Today. Let Customers Book Tables, Place Orders, Pay Online & Receive Offers All From Their Phone!Compare POS Systems · Top POS Systems Reviewed · POS System Providers",2024-09-28
20194213,Simple & Smart Payroll,https://compare.tech.co/Restaurant/POS,https://compare.tech.co/best-payroll-software-us/?cid=63219d0910a8f&msclkid=2be615fb771a1cf08c737317c27beaa8&utm_source=bing&utm_medium=cpc&utm_campaign=66d96e3ea9527%20-%20SER%20-%20TechCo%20-%20POS%20Systems%20-%20US%20-%20EN%20-%20POS%20Systems%20-%20BR&utm_term=payment%20processing%20systems&utm_content=POS%20-%20Payment%20Processing&utm_source=bing&utm_medium=cpc&utm_campaign=614084808&utm_content=1158887158301588&utm_term=payment%20processing%20systems&campaign=614084808&adgroup=1158887158301588&keyword=payment%20processing%20systems&keywordid=72431175744313&target=kwd-72431175744313:loc-190&ad=72430786567190&matchtype=b&bidmatchtype=bb&ad=&network=o&device=c&ismobile=0&issearch=1&geo=100277&geointerest=&feeditem=&ppcp_platform=bing&msclkid=2be615fb771a1cf08c737317c27beaa8,Payconiq,Bing,epicompany,2024-09-19 23:37:59,us,Netcraft Auto,ignore,"Manage Your Business Efficiently With These POS Systems. Start Saving Today. Let Customers Book Tables, Place Orders, Pay Online & Receive Offers All From Their Phone!Compare POS Systems · Top POS Systems Reviewed · POS System Providers",2024-09-28
20194214,100% Secure Payments | High Security Payment Gateway,https://top-merchantservices.com/Merchant,https://out.top-merchantservices.com/track/click/?pid=668581&keyword=merchant%20services&network=msn&QueryString=Payconiq&msclkid=bc698807a9a91ad70163eeeb1cc88a61&matchtype=b&pCampaignId=391211813&pAdGroupId=1151190400079677&pTargetId=kwd-71950097157206:loc-190&creative=71949555441248&device=c&sid=1151190400079677-kwd-71950097157206:loc-190,Payconiq,Bing,epicompany,2024-09-19 23:37:59,us,Netcraft Auto,ignore,"Save Money With Top Credit Card Processing Companies. Review & Compare Today. Every Business Needs Merchant Services, Find The Best Processing Rates And More",2024-09-28
20194215,Online Payment Processing,https://top-merchantservices.com/Merchant,https://out.top-merchantservices.com/track/click/?pid=668581&keyword=merchant%20services&network=msn&QueryString=Payconiq&msclkid=7ed4676fa94e15aac87c01831c2fea09&matchtype=b&pCampaignId=391211813&pAdGroupId=1151190400079677&pTargetId=kwd-71950097157206:loc-190&creative=71949555441248&device=c&sid=1151190400079677-kwd-71950097157206:loc-190,Payconiq,Bing,epicompany,2024-09-19 23:37:59,us,Netcraft Auto,ignore,"Save Money With Top Credit Card Processing Companies. Review & Compare Today. Every Business Needs Merchant Services, Find The Best Processing Rates And More",2024-09-28
20194216,Secure Online Payments,https://top-merchantservices.com/Merchant,https://out.top-merchantservices.com/track/click/?pid=676347&keyword=merchant%20services&network=msn&QueryString=Payconiq&msclkid=fe74f3bc23a91b8840b1955096c8534b&matchtype=b&pCampaignId=391211813&pAdGroupId=1151190400079677&pTargetId=kwd-71950097157206:loc-190&creative=71949555441248&device=c&sid=sitelinksms10017,Payconiq,Bing,epicompany,2024-09-19 23:37:59,us,Netcraft Auto,ignore,"Save Money With Top Credit Card Processing Companies. Review & Compare Today. Every Business Needs Merchant Services, Find The Best Processing Rates And More",2024-09-28
20194217,Online Payment Services,https://top-merchantservices.com/Merchant,https://out.top-merchantservices.com/track/click/?pid=668581&keyword=merchant%20services&network=msn&QueryString=Payconiq&msclkid=6ab2bea50e7e11cddc0ed849bb1f5cdd&matchtype=b&pCampaignId=391211813&pAdGroupId=1151190400079677&pTargetId=kwd-71950097157206:loc-190&creative=71949555441248&device=c&sid=1151190400079677-kwd-71950097157206:loc-190,Payconiq,Bing,epicompany,2024-09-19 23:37:59,us,Netcraft Auto,ignore,"Save Money With Top Credit Card Processing Companies. Review & Compare Today. Every Business Needs Merchant Services, Find The Best Processing Rates And More",2024-09-28
20194218,Top 5 Merchant Services,https://top-merchantservices.com/Merchant,https://out.top-merchantservices.com/track/click/?pid=668581&keyword=merchant%20services&network=msn&QueryString=Payconiq&msclkid=8e5cc21dbdc416ca27dea4f108a548d1&matchtype=b&pCampaignId=391211813&pAdGroupId=1151190400079677&pTargetId=kwd-71950097157206:loc-190&creative=71949555441248&device=c&sid=1151190400079677-kwd-71950097157206:loc-190,Payconiq,Bing,epicompany,2024-09-19 23:37:59,us,Netcraft Auto,ignore,"Save Money With Top Credit Card Processing Companies. Review & Compare Today. Every Business Needs Merchant Services, Find The Best Processing Rates And More",2024-09-28
20194219,Apply For A Credit Card,https://top-merchantservices.com/Merchant,https://out.top-merchantservices.com/track/click/?pid=668581&keyword=merchant%20services&network=msn&QueryString=Payconiq&msclkid=30daad945d851f2faddacb78e8e4e353&matchtype=b&pCampaignId=391211813&pAdGroupId=1151190400079677&pTargetId=kwd-71950097157206:loc-190&creative=71949555441248&device=c&sid=1151190400079677-kwd-71950097157206:loc-190,Payconiq,Bing,epicompany,2024-09-19 23:37:59,us,Netcraft Auto,ignore,"Save Money With Top Credit Card Processing Companies. Review & Compare Today. Every Business Needs Merchant Services, Find The Best Processing Rates And More",2024-09-28
20194220,Merchant Services...,https://top-merchantservices.com/Merchant,https://out.top-merchantservices.com/track/click/?pid=668581&keyword=merchant%20services&network=msn&QueryString=Payconiq&msclkid=05818a0c366c158d9273ece0830d37fe&matchtype=b&pCampaignId=391211813&pAdGroupId=1151190400079677&pTargetId=kwd-71950097157206:loc-190&creative=71949555441248&device=c&sid=1151190400079677-kwd-71950097157206:loc-190,Payconiq,Bing,epicompany,2024-09-19 23:37:59,us,Netcraft Auto,ignore,"Save Money With Top Credit Card Processing Companies. Review & Compare Today. Every Business Needs Merchant Services, Find The Best Processing Rates And More",2024-09-28
20194221,Compare Payment Systems,https://top-merchantservices.com/Merchant,https://out.top-merchantservices.com/track/click/?pid=668581&keyword=merchant%20services&network=msn&QueryString=Payconiq&msclkid=3d0bd64a4bdd19d9a8aab0a6febc8767&matchtype=b&pCampaignId=391211813&pAdGroupId=1151190400079677&pTargetId=kwd-71950097157206:loc-190&creative=71949555441248&device=c&sid=1151190400079677-kwd-71950097157206:loc-190,Payconiq,Bing,epicompany,2024-09-19 23:37:59,us,Netcraft Auto,ignore,"Save Money With Top Credit Card Processing Companies. Review & Compare Today. Every Business Needs Merchant Services, Find The Best Processing Rates And More",2024-09-28
20194222,Top 5 Merchant Providers,https://top-merchantservices.com/Merchant,https://out.top-merchantservices.com/track/click/?pid=668581&keyword=merchant%20services&network=msn&QueryString=Payconiq&msclkid=b9de85cff16313653e09e32344026c99&matchtype=b&pCampaignId=391211813&pAdGroupId=1151190400079677&pTargetId=kwd-71950097157206:loc-190&creative=71949555441248&device=c&sid=1151190400079677-kwd-71950097157206:loc-190,Payconiq,Bing,epicompany,2024-09-19 23:37:59,us,Netcraft Auto,ignore,"Save Money With Top Credit Card Processing Companies. Review & Compare Today. Every Business Needs Merchant Services, Find The Best Processing Rates And More",2024-09-28
20194223,Compatible with Any Hardware | #1 Point of Sale Software,https://www.odoo.com/app/pos,https://www.odoo.com/app/point-of-sale-shop?network=o&utm_source=bing&utm_medium=cpc&utm_campaign=NA-EN-POS-Shop&utm_term=payment%20terminalutm_gclid=&msclkid=42390e8b5400161bf8076867e1619567,Payconiq,Bing,epicompany,2024-09-19 23:37:59,us,Netcraft Auto,ignore,"Get real time control & accurate forecasts with integrated inventory management. Set-up in minutes, sell in seconds. Compatible with any device, online or offline.Services: Payroll, Account, Advanced, Accounting, Creditcard, PayPal and more",2024-09-28
20194224,Sign,https://www.odoo.com/app/pos,https://www.odoo.com/app/sign?network=o&utm_source=bing&utm_medium=cpc&utm_campaign=NA-EN-POS-Shop&utm_term=payment%20terminalutm_gclid=&msclkid=4205f517110c1b70ee4d93fba46ded3d,Payconiq,Bing,epicompany,2024-09-19 23:37:59,us,Netcraft Auto,ignore,"Get real time control & accurate forecasts with integrated inventory management. Set-up in minutes, sell in seconds. Compatible with any device, online or offline.Services: Payroll, Account, Advanced, Accounting, Creditcard, PayPal and more",2024-09-28
20194225,Documents,https://www.odoo.com/app/pos,https://www.odoo.com/app/documents?network=o&utm_source=bing&utm_medium=cpc&utm_campaign=NA-EN-POS-Shop&utm_term=payment%20terminalutm_gclid=&msclkid=f2c621c5f4131bf96724472941729be1,Payconiq,Bing,epicompany,2024-09-19 23:37:59,us,Netcraft Auto,ignore,"Get real time control & accurate forecasts with integrated inventory management. Set-up in minutes, sell in seconds. Compatible with any device, online or offline.Services: Payroll, Account, Advanced, Accounting, Creditcard, PayPal and more",2024-09-28
20194226,Login Odoo,https://www.odoo.com/app/pos,https://www.odoo.com/es_ES/my/home?msclkid=43a17ac8b72615f9fb831c2402476c35&utm_source=bing&utm_medium=cpc&utm_campaign=NA-EN-POS-Shop&utm_term=payment%20terminalutm_gclid=&msclkid=43a17ac8b72615f9fb831c2402476c35,Payconiq,Bing,epicompany,2024-09-19 23:37:59,us,Netcraft Auto,ignore,"Get real time control & accurate forecasts with integrated inventory management. Set-up in minutes, sell in seconds. Compatible with any device, online or offline.Services: Payroll, Account, Advanced, Accounting, Creditcard, PayPal and more",2024-09-28
20194227,Pricing Plans,https://www.odoo.com/app/pos,https://www.odoo.com/pricing?msclkid=ccc085ecc49418f656c1e30071f59206&utm_source=bing&utm_medium=cpc&utm_campaign=NA-EN-POS-Shop&utm_term=payment%20terminalutm_gclid=&msclkid=ccc085ecc49418f656c1e30071f59206,Payconiq,Bing,epicompany,2024-09-19 23:37:59,us,Netcraft Auto,ignore,"Get real time control & accurate forecasts with integrated inventory management. Set-up in minutes, sell in seconds. Compatible with any device, online or offline.Services: Payroll, Account, Advanced, Accounting, Creditcard, PayPal and more",2024-09-28
20194228,Download,https://www.odoo.com/app/pos,https://www.odoo.com/page/download?msclkid=4406a2faf5c61b03c1e0c41640a71399&utm_source=bing&utm_medium=cpc&utm_campaign=NA-EN-POS-Shop&utm_term=payment%20terminalutm_gclid=&msclkid=4406a2faf5c61b03c1e0c41640a71399,Payconiq,Bing,epicompany,2024-09-19 23:37:59,us,Netcraft Auto,ignore,"Get real time control & accurate forecasts with integrated inventory management. Set-up in minutes, sell in seconds. Compatible with any device, online or offline.Services: Payroll, Account, Advanced, Accounting, Creditcard, PayPal and more",2024-09-28
20194229,Login to Odoo,https://www.odoo.com/app/pos,https://www.odoo.com/web/login?msclkid=db0b4c364eae1bc45a822adafbcfadaf&utm_source=bing&utm_medium=cpc&utm_campaign=NA-EN-POS-Shop&utm_term=payment%20terminalutm_gclid=&msclkid=db0b4c364eae1bc45a822adafbcfadaf,Payconiq,Bing,epicompany,2024-09-19 23:37:59,us,Netcraft Auto,ignore,"Get real time control & accurate forecasts with integrated inventory management. Set-up in minutes, sell in seconds. Compatible with any device, online or offline.Services: Payroll, Account, Advanced, Accounting, Creditcard, PayPal and more",2024-09-28
20194230,Subscriptions,https://www.odoo.com/app/pos,https://www.odoo.com/app/subscriptions?network=o&utm_source=bing&utm_medium=cpc&utm_campaign=NA-EN-POS-Shop&utm_term=payment%20terminalutm_gclid=&msclkid=8f74de73d1db1dc215b2b89f64ba0101,Payconiq,Bing,epicompany,2024-09-19 23:37:59,us,Netcraft Auto,ignore,"Get real time control & accurate forecasts with integrated inventory management. Set-up in minutes, sell in seconds. Compatible with any device, online or offline.Services: Payroll, Account, Advanced, Accounting, Creditcard, PayPal and more",2024-09-28
20194231,Free Website,https://www.odoo.com/app/pos,https://www.odoo.com/app/website?msclkid=45490f9efec81e1ad05869724ba9f32e&utm_source=bing&utm_medium=cpc&utm_campaign=NA-EN-POS-Shop&utm_term=payment%20terminalutm_gclid=&msclkid=45490f9efec81e1ad05869724ba9f32e,Payconiq,Bing,epicompany,2024-09-19 23:37:59,us,Netcraft Auto,ignore,"Get real time control & accurate forecasts with integrated inventory management. Set-up in minutes, sell in seconds. Compatible with any device, online or offline.Services: Payroll, Account, Advanced, Accounting, Creditcard, PayPal and more",2024-09-28
20194232,We Match or Beat Any Rate | Most Credit Scores Accepted,https://paymentcloudinc.com,https://paymentcloudinc.com/ppc/?msclkid=54745d4f5fef16a4cf203ba3ea8e3552&utm_source=bing&utm_medium=cpc&utm_campaign=Brand_Desktop&utm_term=%2Bwww.paymentcloud.com&utm_content=Payment%20Cloud.com,Payconiq,Bing,epicompany,2024-09-19 23:37:59,us,Netcraft Auto,ignore,Low-Cost & Easy Setup. No Contract Required. Flat Rate Pricing! Take Advantage of Some of the Lowest Rates in the Industry,2024-09-28
20225059,Paiement Mobile Bancaire - Rapidité et Sécurité Garanties,https://www.payconiq.lu,https://payconiq.lu/fr/,Payconiq,Google,epicompany,2024-09-20 18:44:25,lu,Netcraft Auto,monitoring,"Avec l'Appli Payconiq et payez en toute simplicité en Magasin, en Ligne ou sur Mobile. Tout est plus simple avec Payconiq, payez vos...",2025-04-06
20251195,Oyster® Payroll Software | Be Compliant Around the World,https://www.oysterhr.com,https://www.oysterhr.com/demo-global-payroll?msclkid=058437c5ae801ea096b751282b67175f&utm_source=bing&utm_medium=cpc&utm_campaign=MSFT_Search_EURO_Market1_NB_HV&utm_term=payroll%20services&utm_content=Payroll_Phrase,Payconiq,Bing,epicompany,2024-09-21 03:33:48,lu,Netcraft Auto,ignore,"Learn How Oyster's Global Employment Platform Makes Multi-Country Payroll Easier. Fully-Compliant Global Payroll. Hire, Pay, and Care for Team Members in 180+ Countries.",2024-09-28
20251196,Oyster Total Rewards,https://www.oysterhr.com,https://www.oysterhr.com/total-rewards?msclkid=2ad07dfb7252188d95eb1b16f7b51110&utm_source=bing&utm_medium=cpc&utm_campaign=MSFT_Search_EURO_Market1_NB_HV&utm_term=payroll%20services&utm_content=Payroll_Phrase,Payconiq,Bing,epicompany,2024-09-21 03:32:52,lu,Netcraft Auto,ignore,"Learn How Oyster's Global Employment Platform Makes Multi-Country Payroll Easier. Fully-Compliant Global Payroll. Hire, Pay, and Care for Team Members in 180+ Countries.",2024-09-28
20251197,Partner with Oyster,https://www.oysterhr.com,https://www.oysterhr.com/become-a-partner?msclkid=9a777aad063316203c471c4083d474be&utm_source=bing&utm_medium=cpc&utm_campaign=MSFT_Search_EURO_Market1_NB_HV&utm_term=payroll%20services&utm_content=Payroll_Phrase,Payconiq,Bing,epicompany,2024-09-21 03:32:52,lu,Netcraft Auto,ignore,"Learn How Oyster's Global Employment Platform Makes Multi-Country Payroll Easier. Fully-Compliant Global Payroll. Hire, Pay, and Care for Team Members in 180+ Countries.",2024-09-28
20251198,Hire Across The World,https://www.oysterhr.com,https://www.oysterhr.com/time-zone-crossover-calculator?msclkid=336a55333b9318599e5733debe74221e&utm_source=bing&utm_medium=cpc&utm_campaign=MSFT_Search_EURO_Market1_NB_HV&utm_term=payroll%20services&utm_content=Payroll_Phrase,Payconiq,Bing,epicompany,2024-09-21 03:32:52,lu,Netcraft Auto,ignore,"Learn How Oyster's Global Employment Platform Makes Multi-Country Payroll Easier. Fully-Compliant Global Payroll. Hire, Pay, and Care for Team Members in 180+ Countries.",2024-09-28
20251199,Oyster Events,https://www.oysterhr.com,https://www.oysterhr.com/events?msclkid=f4e0d9db15e014367ec8bf369007619b&utm_source=bing&utm_medium=cpc&utm_campaign=MSFT_Search_EURO_Market1_NB_HV&utm_term=payroll%20services&utm_content=Payroll_Phrase,Payconiq,Bing,epicompany,2024-09-21 03:32:52,lu,Netcraft Auto,ignore,"Learn How Oyster's Global Employment Platform Makes Multi-Country Payroll Easier. Fully-Compliant Global Payroll. Hire, Pay, and Care for Team Members in 180+ Countries.",2024-09-28
20251200,Global HR Tools,https://www.oysterhr.com,https://www.oysterhr.com/global-hr-tools?msclkid=916000b2e1f21a070aaf665f6415904d&utm_source=bing&utm_medium=cpc&utm_campaign=MSFT_Search_EURO_Market1_NB_HV&utm_term=payroll%20services&utm_content=Payroll_Phrase,Payconiq,Bing,epicompany,2024-09-21 03:32:52,lu,Netcraft Auto,ignore,"Learn How Oyster's Global Employment Platform Makes Multi-Country Payroll Easier. Fully-Compliant Global Payroll. Hire, Pay, and Care for Team Members in 180+ Countries.",2024-09-28
20251201,Payroll bedrijven vergelijken? | Eenvoudig payroll vergelijken,https://www.payrolling-vergelijker.nl/Payroll/Offertes,https://www.payrolling-vergelijker.nl/payroll-vergelijken-ontvang-scherpe-payrolling-offertes/?msclkid=7110f87d91271a60fe739e9014c0be1d&utm_source=bing&utm_medium=cpc&utm_campaign=Payroll%20Vergelijker&utm_term=Payroll%20systeem&utm_content=Payroll%20-%20%20Nieuw,Payconiq,Bing,epicompany,2024-09-21 03:33:48,lu,Netcraft Auto,ignore,"Ontvang vandaag nog op maat gemaakte payroll offertes die passen bij jouw behoeften. De laagste payroll prijzen van Nederland, Vraag offertes aan en vergelijk vandaag nog.Marktleider · Vrijblijvend · 4 Offertes · Voor Alle BedrijvenJanneke Franken: Payroll Offertes Vergelijken · Payroll Bedrijven · Hoe werkt het?",2024-10-04
20251202,Payroll Offertes Vergelijken,https://www.payrolling-vergelijker.nl/Payroll/Offertes,https://payrolling-vergelijker.nl++?msclkid=ab36899f54bf1c26210bef72d158d98f&utm_source=bing&utm_medium=cpc&utm_campaign=Payroll%20Vergelijker&utm_term=Payroll%20systeem&utm_content=Payroll%20-%20%20Nieuw,Payconiq,Bing,epicompany,2024-09-21 03:33:48,lu,Netcraft Auto,ignore,"Ontvang vandaag nog op maat gemaakte payroll offertes die passen bij jouw behoeften. De laagste payroll prijzen van Nederland, Vraag offertes aan en vergelijk vandaag nog.Marktleider · Vrijblijvend · 4 Offertes · Voor Alle BedrijvenJanneke Franken: Payroll Offertes Vergelijken · Payroll Bedrijven · Hoe werkt het?",2024-09-28
20251203,Payroll Bedrijven,https://www.payrolling-vergelijker.nl/Payroll/Offertes,https://payrolling-vergelijker.nl/leveranciers/++?msclkid=1cbec7ced40b13f48ab1a12351ec1749&utm_source=bing&utm_medium=cpc&utm_campaign=Payroll%20Vergelijker&utm_term=Payroll%20systeem&utm_content=Payroll%20-%20%20Nieuw,Payconiq,Bing,epicompany,2024-09-21 03:33:48,lu,Netcraft Auto,ignore,"Ontvang vandaag nog op maat gemaakte payroll offertes die passen bij jouw behoeften. De laagste payroll prijzen van Nederland, Vraag offertes aan en vergelijk vandaag nog.Marktleider · Vrijblijvend · 4 Offertes · Voor Alle BedrijvenJanneke Franken: Payroll Offertes Vergelijken · Payroll Bedrijven · Hoe werkt het?",2024-09-28
20251204,Hoe werkt het?,https://www.payrolling-vergelijker.nl/Payroll/Offertes,https://payrolling-vergelijker.nl/hoe-werkt-het/+?msclkid=4ead34e545881616f19a5208c06f9351&utm_source=bing&utm_medium=cpc&utm_campaign=Payroll%20Vergelijker&utm_term=Payroll%20systeem&utm_content=Payroll%20-%20%20Nieuw,Payconiq,Bing,epicompany,2024-09-21 03:33:48,lu,Netcraft Auto,ignore,"Ontvang vandaag nog op maat gemaakte payroll offertes die passen bij jouw behoeften. De laagste payroll prijzen van Nederland, Vraag offertes aan en vergelijk vandaag nog.Marktleider · Vrijblijvend · 4 Offertes · Voor Alle BedrijvenJanneke Franken: Payroll Offertes Vergelijken · Payroll Bedrijven · Hoe werkt het?",2024-09-28
20251205,Erkende Payroll bedrijven | Vergelijk payrolling tarieven,www.payroll-leveranciers.nl/Payroll/Vergelijken,https://www.payroll-leveranciers.nl/?utm_source=bing&utm_medium=cpc&utm_campaign=AdWords&msclkid=93f7c75b76c01b283b84a1b6f3273d0d,Payconiq,Bing,epicompany,2024-09-21 03:32:52,lu,Netcraft Auto,ignore,Vergelijk vrijblijvend verschillende payroll offertes en kies de beste en goedkoopste. Ontvang snel de scherpste offertes van de beste payroll bedrijven in uw regio.,2024-09-28
20251206,ServiceNow® HR Solutions | Enterprise Services Management,https://www.servicenow.com/Download/eBook,https://www.servicenow.com/lpebk/employee-experience-business-value.html?campid=83765&cid=p:hr:dg:nb:prsp:exa:bing_hrsm_restructure:emea:all&s_kwcid=AL!11692!3!!p!!o!!payroll%20and%20hr%20software&ds_c=BING_EMEA_All_EN_DEMANDGEN_HRSM_PRSP_NonBrand_PHR_Other-res&cmcid=71700000091748724&ds_ag=HR+Software_PHR&cmpid=58700007713052726&ds_kids=p70010208078&gclid=c141bb3f5ce9162951b9ddd2d90e8573&gclsrc=3p.ds&&msclkid=c141bb3f5ce9162951b9ddd2d90e8573&utm_source=bing&utm_medium=cpc&utm_campaign=BING_EMEA_All_EN_DEMANDGEN_HRSM_PRSP_NonBrand_PHR_Other-res&utm_term=payroll%20and%20hr%20software&utm_content=HR%20Software_PHR,Payconiq,Bing,epicompany,2024-09-21 03:32:52,lu,Netcraft Auto,ignore,Revolutionize end-to-end workflows and effortlessly refine employee interaction channels. Get this eBook to seamlessly adapt your HR technology and deliver future advantages.Streamline Employee Tasks · Optimize HR Processes · Up Employee Productivity,2024-09-28
20251207,Contact Us,https://www.servicenow.com/Download/eBook,https://www.servicenow.com/contact-us.html?campid=132358&cid=p:hr:dg:allterms:prsp:allmatch:Bing_ContactUs_Sitelink:emea:all&s_kwcid=AL!11692!3!!p!!o!!payroll%20and%20hr%20software&ds_c=BING_EMEA_All_EN_DEMANDGEN_HRSM_PRSP_NonBrand_PHR_Other-res&cmcid=71700000091748724&ds_ag=HR+Software_PHR&cmpid=58700007713052726&ds_kids=p70010208078&gclid=8331665281d11a5d280600bf04364e77&gclsrc=3p.ds&&msclkid=8331665281d11a5d280600bf04364e77&utm_source=bing&utm_medium=cpc&utm_campaign=BING_EMEA_All_EN_DEMANDGEN_HRSM_PRSP_NonBrand_PHR_Other-res&utm_term=payroll%20and%20hr%20software&utm_content=HR%20Software_PHR,Payconiq,Bing,epicompany,2024-09-21 03:32:52,lu,Netcraft Auto,ignore,Revolutionize end-to-end workflows and effortlessly refine employee interaction channels. Get this eBook to seamlessly adapt your HR technology and deliver future advantages.Streamline Employee Tasks · Optimize HR Processes · Up Employee Productivity,2024-09-28
20251208,Explore Employee Stories,https://www.servicenow.com/Download/eBook,https://www.servicenow.com/lpebk/customer-insights-employee-experience-testimonials.html?campid=154658&cid=p:hr:dg:nb:prsp:allmatch:Bing_EMEA_HRSM_PRSP_NonBrand_NewSitelinkTrackingID:emea:all&s_kwcid=AL!11692!3!!p!!o!!payroll%20and%20hr%20software&ds_c=BING_EMEA_All_EN_DEMANDGEN_HRSM_PRSP_NonBrand_PHR_Other-res&cmcid=71700000091748724&ds_ag=HR+Software_PHR&cmpid=58700007713052726&ds_kids=p70010208078&gclid=0f62d2cd59b41193866fb420dc5336ae&gclsrc=3p.ds&&msclkid=0f62d2cd59b41193866fb420dc5336ae&utm_source=bing&utm_medium=cpc&utm_campaign=BING_EMEA_All_EN_DEMANDGEN_HRSM_PRSP_NonBrand_PHR_Other-res&utm_term=payroll%20and%20hr%20software&utm_content=HR%20Software_PHR,Payconiq,Bing,epicompany,2024-09-21 03:32:52,lu,Netcraft Auto,ignore,Revolutionize end-to-end workflows and effortlessly refine employee interaction channels. Get this eBook to seamlessly adapt your HR technology and deliver future advantages.Streamline Employee Tasks · Optimize HR Processes · Up Employee Productivity,2024-09-28
20251209,Free HR Demo,https://www.servicenow.com/Download/eBook,https://www.servicenow.com/lpdem/demonow-hr-service-delivery.html?campid=154658&cid=p:hr:dg:nb:prsp:allmatch:Bing_EMEA_HRSM_PRSP_NonBrand_NewSitelinkTrackingID:emea:all&s_kwcid=AL!11692!3!!p!!o!!payroll%20and%20hr%20software&ds_c=BING_EMEA_All_EN_DEMANDGEN_HRSM_PRSP_NonBrand_PHR_Other-res&cmcid=71700000091748724&ds_ag=HR+Software_PHR&cmpid=58700007713052726&ds_kids=p70010208078&gclid=d6ad5501001518294b2933ec85f28684&gclsrc=3p.ds&&msclkid=d6ad5501001518294b2933ec85f28684&utm_source=bing&utm_medium=cpc&utm_campaign=BING_EMEA_All_EN_DEMANDGEN_HRSM_PRSP_NonBrand_PHR_Other-res&utm_term=payroll%20and%20hr%20software&utm_content=HR%20Software_PHR,Payconiq,Bing,epicompany,2024-09-21 03:32:52,lu,Netcraft Auto,ignore,Revolutionize end-to-end workflows and effortlessly refine employee interaction channels. Get this eBook to seamlessly adapt your HR technology and deliver future advantages.Streamline Employee Tasks · Optimize HR Processes · Up Employee Productivity,2024-09-28
20251210,Team Task Management Demo,https://www.servicenow.com/Download/eBook,https://www.servicenow.com/lpdem/demonow-team-task-management.html?campid=154658&cid=p:hr:dg:nb:prsp:allmatch:Bing_EMEA_HRSM_PRSP_NonBrand_NewSitelinkTrackingID:emea:all&s_kwcid=AL!11692!3!!p!!o!!payroll%20and%20hr%20software&ds_c=BING_EMEA_All_EN_DEMANDGEN_HRSM_PRSP_NonBrand_PHR_Other-res&cmcid=71700000091748724&ds_ag=HR+Software_PHR&cmpid=58700007713052726&ds_kids=p70010208078&gclid=e351138236af17355f0a756fb3481fed&gclsrc=3p.ds&&msclkid=e351138236af17355f0a756fb3481fed&utm_source=bing&utm_medium=cpc&utm_campaign=BING_EMEA_All_EN_DEMANDGEN_HRSM_PRSP_NonBrand_PHR_Other-res&utm_term=payroll%20and%20hr%20software&utm_content=HR%20Software_PHR,Payconiq,Bing,epicompany,2024-09-21 03:32:52,lu,Netcraft Auto,ignore,Revolutionize end-to-end workflows and effortlessly refine employee interaction channels. Get this eBook to seamlessly adapt your HR technology and deliver future advantages.Streamline Employee Tasks · Optimize HR Processes · Up Employee Productivity,2024-09-28
20251211,Configure Manager Hub,https://www.servicenow.com/Download/eBook,https://www.servicenow.com/lpdem/demonow-manager-hub.html?campid=154658&cid=p:hr:dg:nb:prsp:allmatch:Bing_EMEA_HRSM_PRSP_NonBrand_NewSitelinkTrackingID:emea:all&s_kwcid=AL!11692!3!!p!!o!!payroll%20and%20hr%20software&ds_c=BING_EMEA_All_EN_DEMANDGEN_HRSM_PRSP_NonBrand_PHR_Other-res&cmcid=71700000091748724&ds_ag=HR+Software_PHR&cmpid=58700007713052726&ds_kids=p70010208078&gclid=fc311b56042117694a6c7dbb81c6a9ba&gclsrc=3p.ds&&msclkid=fc311b56042117694a6c7dbb81c6a9ba&utm_source=bing&utm_medium=cpc&utm_campaign=BING_EMEA_All_EN_DEMANDGEN_HRSM_PRSP_NonBrand_PHR_Other-res&utm_term=payroll%20and%20hr%20software&utm_content=HR%20Software_PHR,Payconiq,Bing,epicompany,2024-09-21 03:32:52,lu,Netcraft Auto,ignore,Revolutionize end-to-end workflows and effortlessly refine employee interaction channels. Get this eBook to seamlessly adapt your HR technology and deliver future advantages.Streamline Employee Tasks · Optimize HR Processes · Up Employee Productivity,2024-09-28
20251212,HR Service Market Guide,https://www.servicenow.com/Download/eBook,https://www.servicenow.com/lpayr/gartner-guide-for-integrated-hr-service-delivery-solutions.html?campid=154658&cid=p:hr:dg:nb:prsp:allmatch:Bing_EMEA_HRSM_PRSP_NonBrand_NewSitelinkTrackingID:emea:all&s_kwcid=AL!11692!3!!p!!o!!payroll%20and%20hr%20software&ds_c=BING_EMEA_All_EN_DEMANDGEN_HRSM_PRSP_NonBrand_PHR_Other-res&cmcid=71700000091748724&ds_ag=HR+Software_PHR&cmpid=58700007713052726&ds_kids=p70010208078&gclid=a182c36fa82f1db5317ea5822dc88e69&gclsrc=3p.ds&&msclkid=a182c36fa82f1db5317ea5822dc88e69&utm_source=bing&utm_medium=cpc&utm_campaign=BING_EMEA_All_EN_DEMANDGEN_HRSM_PRSP_NonBrand_PHR_Other-res&utm_term=payroll%20and%20hr%20software&utm_content=HR%20Software_PHR,Payconiq,Bing,epicompany,2024-09-21 03:32:52,lu,Netcraft Auto,ignore,Revolutionize end-to-end workflows and effortlessly refine employee interaction channels. Get this eBook to seamlessly adapt your HR technology and deliver future advantages.Streamline Employee Tasks · Optimize HR Processes · Up Employee Productivity,2024-09-28
20251213,Ontdek alle betaalopties | Betaalmethoden verwerken,www.adyen.com/Payment-service/Provider,https://www.adyen.com/nl_NL/onze-oplossing/online-betalingen?msclkid=17514722b4211f5a9ba621cf31c6ec0e&utm_source=bing&utm_medium=cpc&utm_campaign=2024_08_OA_NL_ONLINEPAYMENTS_GSN_CONS_CON_SEARCH_%5BNL%5D&utm_term=payment%20service%20provider&utm_content=Online%20payments%20-%20Payment%20service%20provider%20-%20NL,Payconiq,Bing,epicompany,2024-09-21 03:32:52,lu,Netcraft Auto,ignore,"Alles wat je nodig hebt om online betalingen te accepteren. Lees meer. We maken het betaalproces eenvoudig en tegelijkertijd handiger voor jou en jouw klanten.Vergroot uw bedrijf · Vanuit elk kanaal, overal · Uitgebreid risicobeheerServices: Online betalingen, Point of sale, Platforms, Unified Commerce, Issuing",2024-09-28
20251214,Contact,www.adyen.com/Payment-service/Provider,https://www.adyen.com/nl_NL/contact?msclkid=e1ee76afde281d5b4f5910425bcf57bb&utm_source=bing&utm_medium=cpc&utm_campaign=2024_08_OA_NL_ONLINEPAYMENTS_GSN_CONS_CON_SEARCH_%5BNL%5D&utm_term=payment%20service%20provider&utm_content=Online%20payments%20-%20Payment%20service%20provider%20-%20NL,Payconiq,Bing,epicompany,2024-09-21 03:32:52,lu,Netcraft Auto,ignore,"Alles wat je nodig hebt om online betalingen te accepteren. Lees meer. We maken het betaalproces eenvoudig en tegelijkertijd handiger voor jou en jouw klanten.Vergroot uw bedrijf · Vanuit elk kanaal, overal · Uitgebreid risicobeheerServices: Online betalingen, Point of sale, Platforms, Unified Commerce, Issuing",2024-09-28
20251215,Online Betaaloplossingen,www.adyen.com/Payment-service/Provider,https://www.adyen.com/nl_NL/onze-oplossing/online-payments?msclkid=b5567c44069515e306231aa983725764&utm_source=bing&utm_medium=cpc&utm_campaign=2024_08_OA_NL_ONLINEPAYMENTS_GSN_CONS_CON_SEARCH_%5BNL%5D&utm_term=payment%20service%20provider&utm_content=Online%20payments%20-%20Payment%20service%20provider%20-%20NL,Payconiq,Bing,epicompany,2024-09-21 03:32:52,lu,Netcraft Auto,ignore,"Alles wat je nodig hebt om online betalingen te accepteren. Lees meer. We maken het betaalproces eenvoudig en tegelijkertijd handiger voor jou en jouw klanten.Vergroot uw bedrijf · Vanuit elk kanaal, overal · Uitgebreid risicobeheerServices: Online betalingen, Point of sale, Platforms, Unified Commerce, Issuing",2024-09-28
20251216,Betaalmethoden,www.adyen.com/Payment-service/Provider,https://www.adyen.com/nl_NL/payment-methods/?msclkid=f453054d89181042586163a00cff0b06&utm_source=bing&utm_medium=cpc&utm_campaign=2024_08_OA_NL_ONLINEPAYMENTS_GSN_CONS_CON_SEARCH_%5BNL%5D&utm_term=payment%20service%20provider&utm_content=Online%20payments%20-%20Payment%20service%20provider%20-%20NL,Payconiq,Bing,epicompany,2024-09-21 03:32:52,lu,Netcraft Auto,ignore,"Alles wat je nodig hebt om online betalingen te accepteren. Lees meer. We maken het betaalproces eenvoudig en tegelijkertijd handiger voor jou en jouw klanten.Vergroot uw bedrijf · Vanuit elk kanaal, overal · Uitgebreid risicobeheerServices: Online betalingen, Point of sale, Platforms, Unified Commerce, Issuing",2024-09-28
20251217,Betaalmethoden in NL,www.adyen.com/Payment-service/Provider,https://www.adyen.com/nl_NL/betaalmethoden?msclkid=2f4659f51cd71035a1c83f189930a9ba&utm_source=bing&utm_medium=cpc&utm_campaign=2024_08_OA_NL_ONLINEPAYMENTS_GSN_CONS_CON_SEARCH_%5BNL%5D&utm_term=payment%20service%20provider&utm_content=Online%20payments%20-%20Payment%20service%20provider%20-%20NL#pmx=the-netherlands,Payconiq,Bing,epicompany,2024-09-21 03:32:52,lu,Netcraft Auto,ignore,"Alles wat je nodig hebt om online betalingen te accepteren. Lees meer. We maken het betaalproces eenvoudig en tegelijkertijd handiger voor jou en jouw klanten.Vergroot uw bedrijf · Vanuit elk kanaal, overal · Uitgebreid risicobeheerServices: Online betalingen, Point of sale, Platforms, Unified Commerce, Issuing",2024-09-28
20251218,Neem contact met ons op,www.adyen.com/Payment-service/Provider,https://www.adyen.com/nl_NL/contact?msclkid=64e934787942128cc70d5295fca5fe08&utm_source=bing&utm_medium=cpc&utm_campaign=2024_08_OA_NL_ONLINEPAYMENTS_GSN_CONS_CON_SEARCH_%5BNL%5D&utm_term=payment%20service%20provider&utm_content=Online%20payments%20-%20Payment%20service%20provider%20-%20NL,Payconiq,Bing,epicompany,2024-09-21 03:32:52,lu,Netcraft Auto,ignore,"Alles wat je nodig hebt om online betalingen te accepteren. Lees meer. We maken het betaalproces eenvoudig en tegelijkertijd handiger voor jou en jouw klanten.Vergroot uw bedrijf · Vanuit elk kanaal, overal · Uitgebreid risicobeheerServices: Online betalingen, Point of sale, Platforms, Unified Commerce, Issuing",2024-09-28
20251219,Ontvang iDEAL betalingen,www.adyen.com/Payment-service/Provider,https://www.adyen.com/nl_NL/payment-methods/ideal?msclkid=3fb327c121a216a281a4412ca445d91a&utm_source=bing&utm_medium=cpc&utm_campaign=2024_08_OA_NL_ONLINEPAYMENTS_GSN_CONS_CON_SEARCH_%5BNL%5D&utm_term=payment%20service%20provider&utm_content=Online%20payments%20-%20Payment%20service%20provider%20-%20NL,Payconiq,Bing,epicompany,2024-09-21 03:32:52,lu,Netcraft Auto,ignore,"Alles wat je nodig hebt om online betalingen te accepteren. Lees meer. We maken het betaalproces eenvoudig en tegelijkertijd handiger voor jou en jouw klanten.Vergroot uw bedrijf · Vanuit elk kanaal, overal · Uitgebreid risicobeheerServices: Online betalingen, Point of sale, Platforms, Unified Commerce, Issuing",2024-09-28
20279973,Oyster® Payroll Software | Be Compliant Around the World,https://www.oysterhr.com,https://www.oysterhr.com/demo-global-payroll?msclkid=71ffad993a491484d38ecb7716782643&utm_source=bing&utm_medium=cpc&utm_campaign=MSFT_Search_EURO_Market2_NB_HV&utm_term=payroll%20services&utm_content=Payroll_Phrase,Payconiq,Bing,epicompany,2024-09-21 09:02:44,be,Netcraft Auto,ignore,"Learn How Oyster's Global Employment Platform Makes Multi-Country Payroll Easier. Fully-Compliant Global Payroll. Hire, Pay, and Care for Team Members in 180+ Countries.Multi-Country Payroll · Compliance · Global Employment · Localized Benefits",2024-09-28
20279974,Oyster Total Rewards,https://www.oysterhr.com,https://www.oysterhr.com/total-rewards?msclkid=2db02d375d6b1e81bb504bd9715a1656&utm_source=bing&utm_medium=cpc&utm_campaign=MSFT_Search_EURO_Market2_NB_HV&utm_term=payroll%20services&utm_content=Payroll_Phrase,Payconiq,Bing,epicompany,2024-09-21 09:01:39,be,Netcraft Auto,ignore,"Learn How Oyster's Global Employment Platform Makes Multi-Country Payroll Easier. Fully-Compliant Global Payroll. Hire, Pay, and Care for Team Members in 180+ Countries.Multi-Country Payroll · Compliance · Global Employment · Localized Benefits",2024-09-28
20279975,Global HR Tools,https://www.oysterhr.com,https://www.oysterhr.com/global-hr-tools?msclkid=13638057089810ff94e3e6b924a92d0e&utm_source=bing&utm_medium=cpc&utm_campaign=MSFT_Search_EURO_Market2_NB_HV&utm_term=payroll%20services&utm_content=Payroll_Phrase,Payconiq,Bing,epicompany,2024-09-21 09:01:39,be,Netcraft Auto,ignore,"Learn How Oyster's Global Employment Platform Makes Multi-Country Payroll Easier. Fully-Compliant Global Payroll. Hire, Pay, and Care for Team Members in 180+ Countries.Multi-Country Payroll · Compliance · Global Employment · Localized Benefits",2024-09-28
20279976,Hire Across The World,https://www.oysterhr.com,https://www.oysterhr.com/time-zone-crossover-calculator?msclkid=44de13581a8e1871e5e875b636bf0615&utm_source=bing&utm_medium=cpc&utm_campaign=MSFT_Search_EURO_Market2_NB_HV&utm_term=payroll%20services&utm_content=Payroll_Phrase,Payconiq,Bing,epicompany,2024-09-21 09:01:39,be,Netcraft Auto,ignore,"Learn How Oyster's Global Employment Platform Makes Multi-Country Payroll Easier. Fully-Compliant Global Payroll. Hire, Pay, and Care for Team Members in 180+ Countries.Multi-Country Payroll · Compliance · Global Employment · Localized Benefits",2024-09-28
20279977,Oyster Events,https://www.oysterhr.com,https://www.oysterhr.com/events?msclkid=08565147a3061b93b9bf37a98f371333&utm_source=bing&utm_medium=cpc&utm_campaign=MSFT_Search_EURO_Market2_NB_HV&utm_term=payroll%20services&utm_content=Payroll_Phrase,Payconiq,Bing,epicompany,2024-09-21 09:01:39,be,Netcraft Auto,ignore,"Learn How Oyster's Global Employment Platform Makes Multi-Country Payroll Easier. Fully-Compliant Global Payroll. Hire, Pay, and Care for Team Members in 180+ Countries.Multi-Country Payroll · Compliance · Global Employment · Localized Benefits",2024-09-28
20279978,Partner with Oyster,https://www.oysterhr.com,https://www.oysterhr.com/become-a-partner?msclkid=ed26065a72e41001454c60b45ed5d361&utm_source=bing&utm_medium=cpc&utm_campaign=MSFT_Search_EURO_Market2_NB_HV&utm_term=payroll%20services&utm_content=Payroll_Phrase,Payconiq,Bing,epicompany,2024-09-21 09:01:39,be,Netcraft Auto,ignore,"Learn How Oyster's Global Employment Platform Makes Multi-Country Payroll Easier. Fully-Compliant Global Payroll. Hire, Pay, and Care for Team Members in 180+ Countries.Multi-Country Payroll · Compliance · Global Employment · Localized Benefits",2024-09-28
20279979,Payconiq by Bancontact | Makkelijk online betalen?,https://www.payconiq.be,https://www.payconiq.be/nl/particulier/online-betalen?msclkid=48ffb510915c1f64f8c4d3febd6dec6f&utm_source=bing&utm_medium=cpc&utm_campaign=BE-NL-SEA-B2C-Brand&utm_term=payconiq&utm_content=Brand%20-%20Exact%20-%20NL,Payconiq,Bing,epicompany,2024-09-21 09:02:44,be,Netcraft Auto,ignore,Makkelijk en snel online betalen met Bancontact? Download onze betaalapp vandaag nog. Je eindejaarscadeaus online betalen? Download de Payconiq by Bancontact-app.,2024-09-28
20279980,Het online boekhoudprogramma | Ontdek onze boekhoudsoftware,https://www.yukisoftware.com/boekhoud/platform,https://www.yukisoftware.com/be-nl/accountantskantoren/?utm_source=bing&utm_medium=cpc&utm_campaign=accountants_generic_boekhoudingsoftware&utm_content=accounting%20software&utm_term=accounting%20software&kw=accounting%20software&cpn=530013036&msclkid=3c66f7a701cc1c4faedc91492dfdfb13,Payconiq,Bing,epicompany,2024-09-21 09:02:44,be,Netcraft Auto,ignore,"Klaar om je boekhouding efficiënter te maken? Ontdek alle voordelen van boekhoudsoftware. Yuki is een modern, hoog geautomatiseerd, document-centraal en zelflerend boekhoudplatform",2024-09-25
20279981,Download Payconiq for Free - Payconiq App,softonic.com,https://payconiq-by-bancontact.en.softonic.com/android?utm_source=bing&utm_medium=paid&utm_campaign=bing_itunes_sb&utm_source=bing&utm_medium=paid&utm_campaign=bing_itunes_Belgium_06_24&msclkid=1984c4835d6619f89474a26d715736ed,Payconiq,Bing,epicompany,2024-09-21 09:01:39,be,Netcraft Auto,ignore,"Softonic is the largest software and App discovery destination, 25 years on the market. Discover the best software about security, utilities, entertainment, games and moreWebsitebezoekers: Meer dan 1 m in de afgelopen maand100M+ Monthly Users · No Malware Guaranteed · 100% Authentic SoftwareService catalog: Apps, Games, Articles",2024-09-27
20279982,Download apps for Windows,softonic.com,https://en.softonic.com/windows/weekly-downloads?msclkid=9dbfdb0b6b3317fe0ce0bde54702bbbc&utm_source=bing&utm_medium=paid&utm_campaign=bing_itunes_Belgium_06_24&msclkid=9dbfdb0b6b3317fe0ce0bde54702bbbc,Payconiq,Bing,epicompany,2024-09-21 09:01:39,be,Netcraft Auto,ignore,"Softonic is the largest software and App discovery destination, 25 years on the market. Discover the best software about security, utilities, entertainment, games and moreWebsitebezoekers: Meer dan 1 m in de afgelopen maand100M+ Monthly Users · No Malware Guaranteed · 100% Authentic SoftwareService catalog: Apps, Games, Articles",2024-09-28
20279983,Multimedia Softwares,softonic.com,https://en.softonic.com/windows/multimedia?utm_source=bing&utm_medium=paid&utm_campaign=bing_itunes_sb&utm_source=bing&utm_medium=paid&utm_campaign=bing_itunes_Belgium_06_24&msclkid=db28b14fc49c15a254dbd7a1e8ad5d37,Payconiq,Bing,epicompany,2024-09-21 09:01:39,be,Netcraft Auto,ignore,"Softonic is the largest software and App discovery destination, 25 years on the market. Discover the best software about security, utilities, entertainment, games and moreWebsitebezoekers: Meer dan 1 m in de afgelopen maand100M+ Monthly Users · No Malware Guaranteed · 100% Authentic SoftwareService catalog: Apps, Games, Articles",2024-09-28
20279984,1964 - Download,softonic.com,https://1964.en.softonic.com/?msclkid=0fe4bd3231c61d01a78adbdc1df719c3&utm_source=bing&utm_medium=paid&utm_campaign=bing_itunes_Belgium_06_24&msclkid=0fe4bd3231c61d01a78adbdc1df719c3,Payconiq,Bing,epicompany,2024-09-21 09:01:39,be,Netcraft Auto,ignore,"Softonic is the largest software and App discovery destination, 25 years on the market. Discover the best software about security, utilities, entertainment, games and moreWebsitebezoekers: Meer dan 1 m in de afgelopen maand100M+ Monthly Users · No Malware Guaranteed · 100% Authentic SoftwareService catalog: Apps, Games, Articles",2024-09-28
20279985,123 Photo Viewer - Download,softonic.com,https://123-photo-viewer.en.softonic.com/?msclkid=9cdb2e488d0e1f670dbe48a6a13ffafd&utm_source=bing&utm_medium=paid&utm_campaign=bing_itunes_Belgium_06_24&msclkid=9cdb2e488d0e1f670dbe48a6a13ffafd,Payconiq,Bing,epicompany,2024-09-21 09:01:39,be,Netcraft Auto,ignore,"Softonic is the largest software and App discovery destination, 25 years on the market. Discover the best software about security, utilities, entertainment, games and moreWebsitebezoekers: Meer dan 1 m in de afgelopen maand100M+ Monthly Users · No Malware Guaranteed · 100% Authentic SoftwareService catalog: Apps, Games, Articles",2024-09-28
20279986,1 Of 16 For Android - Download,softonic.com,https://1-of-16.en.softonic.com/android?msclkid=598751fbec67146cc4743715c0561f27&utm_source=bing&utm_medium=paid&utm_campaign=bing_itunes_Belgium_06_24&msclkid=598751fbec67146cc4743715c0561f27,Payconiq,Bing,epicompany,2024-09-21 09:01:39,be,Netcraft Auto,ignore,"Softonic is the largest software and App discovery destination, 25 years on the market. Discover the best software about security, utilities, entertainment, games and moreWebsitebezoekers: Meer dan 1 m in de afgelopen maand100M+ Monthly Users · No Malware Guaranteed · 100% Authentic SoftwareService catalog: Apps, Games, Articles",2024-09-28
20279987,1 File Viewer - Download,softonic.com,https://1-file-viewer.en.softonic.com/?msclkid=4acad06c1f2c12b5c2bbb682331d9427&utm_source=bing&utm_medium=paid&utm_campaign=bing_itunes_Belgium_06_24&msclkid=4acad06c1f2c12b5c2bbb682331d9427,Payconiq,Bing,epicompany,2024-09-21 09:01:39,be,Netcraft Auto,ignore,"Softonic is the largest software and App discovery destination, 25 years on the market. Discover the best software about security, utilities, entertainment, games and moreWebsitebezoekers: Meer dan 1 m in de afgelopen maand100M+ Monthly Users · No Malware Guaranteed · 100% Authentic SoftwareService catalog: Apps, Games, Articles",2024-09-28
20279988,2139 Exchange For Android,softonic.com,https://2139-exchange.en.softonic.com/android?msclkid=e2379daa9e6315a8673afb44b2527965&utm_source=bing&utm_medium=paid&utm_campaign=bing_itunes_Belgium_06_24&msclkid=e2379daa9e6315a8673afb44b2527965,Payconiq,Bing,epicompany,2024-09-21 09:01:39,be,Netcraft Auto,ignore,"Softonic is the largest software and App discovery destination, 25 years on the market. Discover the best software about security, utilities, entertainment, games and moreWebsitebezoekers: Meer dan 1 m in de afgelopen maand100M+ Monthly Users · No Malware Guaranteed · 100% Authentic SoftwareService catalog: Apps, Games, Articles",2024-09-28
20279989,13 Card Game For Android,softonic.com,https://rummy-raja-13-card-game.en.softonic.com/android/download?msclkid=d4c3ad0881d715915073cbe6ade6da6f&utm_source=bing&utm_medium=paid&utm_campaign=bing_itunes_Belgium_06_24&msclkid=d4c3ad0881d715915073cbe6ade6da6f,Payconiq,Bing,epicompany,2024-09-21 09:01:39,be,Netcraft Auto,ignore,"Softonic is the largest software and App discovery destination, 25 years on the market. Discover the best software about security, utilities, entertainment, games and moreWebsitebezoekers: Meer dan 1 m in de afgelopen maand100M+ Monthly Users · No Malware Guaranteed · 100% Authentic SoftwareService catalog: Apps, Games, Articles",2024-09-28
20286169,Paiement Mobile Bancaire,https://www.payconiq.lu,https://payconiq.lu/fr/,Payconiq,Google,epicompany,2024-09-21 10:48:01,lu,Netcraft Auto,monitoring,"Rapidité et Sécurité Garanties — Avec l'Appli Payconiq et payez en toute simplicité en Magasin, en Ligne ou sur Mobile. Tout est plus simple avec Payconiq, payez vos Factures et transférez vous de l'argent.",2025-04-06
20294039,PaymentCloudInc.com | No Setup Fee - Rates From .15%,https://paymentcloudinc.com,https://paymentcloudinc.com/ppc/?msclkid=86223560d2ba161d3283538e624b5e93&utm_source=bing&utm_medium=cpc&utm_campaign=Brand_Desktop&utm_term=%2Bwww.paymentcloud.com&utm_content=Payment%20Cloud.com,Payconiq,Bing,epicompany,2024-09-21 13:11:25,us,Netcraft Auto,ignore,"No Contract, Setup or Cancellation Fees. 98% Approval Rating. Apply Now! Let Us Help You Get Approved. Visit Today For Huge Cost Savings.Popular Links: Square · Ecommerce · Mobile",2024-09-28
20294040,Square,https://paymentcloudinc.com,https://paymentcloudinc.com/blog/square-credit-card-processing/?msclkid=e6c9c35a083f1c1c409da5b4b8ced01a&utm_source=bing&utm_medium=cpc&utm_campaign=Brand_Desktop&utm_term=%2Bwww.paymentcloud.com&utm_content=Payment%20Cloud.com&msclkid=e6c9c35a083f1c1c409da5b4b8ced01a&utm_source=bing&utm_medium=cpc&utm_campaign=Brand_Desktop&utm_term=%2Bwww.paymentcloud.com&utm_content=Payment%20Cloud.com,Payconiq,Bing,epicompany,2024-09-21 13:11:25,us,Netcraft Auto,ignore,"No Contract, Setup or Cancellation Fees. 98% Approval Rating. Apply Now! Let Us Help You Get Approved. Visit Today For Huge Cost Savings.Popular Links: Square · Ecommerce · Mobile",2024-10-02
20294041,Ecommerce,https://paymentcloudinc.com,https://paymentcloudinc.com/ecommerce/?msclkid=076d86d58f461b04b53de03b3fb79643&utm_source=bing&utm_medium=cpc&utm_campaign=Brand_Desktop&utm_term=%2Bwww.paymentcloud.com&utm_content=Payment%20Cloud.com&msclkid=076d86d58f461b04b53de03b3fb79643&utm_source=bing&utm_medium=cpc&utm_campaign=Brand_Desktop&utm_term=%2Bwww.paymentcloud.com&utm_content=Payment%20Cloud.com,Payconiq,Bing,epicompany,2024-09-21 13:11:25,us,Netcraft Auto,ignore,"No Contract, Setup or Cancellation Fees. 98% Approval Rating. Apply Now! Let Us Help You Get Approved. Visit Today For Huge Cost Savings.Popular Links: Square · Ecommerce · Mobile",2024-09-28
20294042,Mobile,https://paymentcloudinc.com,https://paymentcloudinc.com/mobile/?msclkid=48693227139b1bc1d38854c9a36a9d4a&utm_source=bing&utm_medium=cpc&utm_campaign=Brand_Desktop&utm_term=%2Bwww.paymentcloud.com&utm_content=Payment%20Cloud.com&msclkid=48693227139b1bc1d38854c9a36a9d4a&utm_source=bing&utm_medium=cpc&utm_campaign=Brand_Desktop&utm_term=%2Bwww.paymentcloud.com&utm_content=Payment%20Cloud.com,Payconiq,Bing,epicompany,2024-09-21 13:11:25,us,Netcraft Auto,monitoring,"No Contract, Setup or Cancellation Fees. 98% Approval Rating. Apply Now! Let Us Help You Get Approved. Visit Today For Huge Cost Savings.Popular Links: Square · Ecommerce · Mobile",2024-12-27
20294043,Online Payment,https://paymentcloudinc.com,https://paymentcloudinc.com/online/?msclkid=5015a6c29e2f1634e4aac02c2ede648a&utm_source=bing&utm_medium=cpc&utm_campaign=Brand_Desktop&utm_term=%2Bwww.paymentcloud.com&utm_content=Payment%20Cloud.com&msclkid=5015a6c29e2f1634e4aac02c2ede648a&utm_source=bing&utm_medium=cpc&utm_campaign=Brand_Desktop&utm_term=%2Bwww.paymentcloud.com&utm_content=Payment%20Cloud.com,Payconiq,Bing,epicompany,2024-09-21 13:08:01,us,Netcraft Auto,ignore,"No Contract, Setup or Cancellation Fees. 98% Approval Rating. Apply Now! Let Us Help You Get Approved. Visit Today For Huge Cost Savings.Popular Links: Square · Ecommerce · Mobile",2024-09-28
20294044,Our Services,https://paymentcloudinc.com,https://paymentcloudinc.com/ppc/?msclkid=2b824deee3a012a58cb92b0053511ea0&utm_source=bing&utm_medium=cpc&utm_campaign=Brand_Desktop&utm_term=%2Bwww.paymentcloud.com&utm_content=Payment%20Cloud.com,Payconiq,Bing,epicompany,2024-09-21 13:08:01,us,Netcraft Auto,ignore,"No Contract, Setup or Cancellation Fees. 98% Approval Rating. Apply Now! Let Us Help You Get Approved. Visit Today For Huge Cost Savings.Popular Links: Square · Ecommerce · Mobile",2024-09-28
20294045,Merchant Accounts,https://paymentcloudinc.com,https://paymentcloudinc.com/ppc/high-risk-payment-processors/?msclkid=1bf0a41d92881b75af4cc2f322796120&utm_source=bing&utm_medium=cpc&utm_campaign=Brand_Desktop&utm_term=%2Bwww.paymentcloud.com&utm_content=Payment%20Cloud.com&msclkid=1bf0a41d92881b75af4cc2f322796120&utm_source=bing&utm_medium=cpc&utm_campaign=Brand_Desktop&utm_term=%2Bwww.paymentcloud.com&utm_content=Payment%20Cloud.com,Payconiq,Bing,epicompany,2024-09-21 13:08:01,us,Netcraft Auto,ignore,"No Contract, Setup or Cancellation Fees. 98% Approval Rating. Apply Now! Let Us Help You Get Approved. Visit Today For Huge Cost Savings.Popular Links: Square · Ecommerce · Mobile",2024-09-28
20294046,Payment Processing,https://paymentcloudinc.com,https://paymentcloudinc.com/ppc/high-risk-merchant-accounts/?msclkid=f662df254ee01ba96d41b9cbfe115be8&utm_source=bing&utm_medium=cpc&utm_campaign=Brand_Desktop&utm_term=%2Bwww.paymentcloud.com&utm_content=Payment%20Cloud.com&msclkid=f662df254ee01ba96d41b9cbfe115be8&utm_source=bing&utm_medium=cpc&utm_campaign=Brand_Desktop&utm_term=%2Bwww.paymentcloud.com&utm_content=Payment%20Cloud.com,Payconiq,Bing,epicompany,2024-09-21 13:08:01,us,Netcraft Auto,ignore,"No Contract, Setup or Cancellation Fees. 98% Approval Rating. Apply Now! Let Us Help You Get Approved. Visit Today For Huge Cost Savings.Popular Links: Square · Ecommerce · Mobile",2024-09-28
20294047,Online Merchant Account,https://paymentcloudinc.com,https://paymentcloudinc.com/ppc/?msclkid=a50c40f5feb1144f0850261b4e405f0e&utm_source=bing&utm_medium=cpc&utm_campaign=Brand_Desktop&utm_term=%2Bwww.paymentcloud.com&utm_content=Payment%20Cloud.com&msclkid=a50c40f5feb1144f0850261b4e405f0e&utm_source=bing&utm_medium=cpc&utm_campaign=Brand_Desktop&utm_term=%2Bwww.paymentcloud.com&utm_content=Payment%20Cloud.com,Payconiq,Bing,epicompany,2024-09-21 13:08:01,us,Netcraft Auto,ignore,"No Contract, Setup or Cancellation Fees. 98% Approval Rating. Apply Now! Let Us Help You Get Approved. Visit Today For Huge Cost Savings.Popular Links: Square · Ecommerce · Mobile",2024-09-28
20294048,Online Payment Processing,https://paymentcloudinc.com,https://paymentcloudinc.com/online/?msclkid=0713f49671ee19a5bf069278c11f4e7f&utm_source=bing&utm_medium=cpc&utm_campaign=Brand_Desktop&utm_term=%2Bwww.paymentcloud.com&utm_content=Payment%20Cloud.com&msclkid=0713f49671ee19a5bf069278c11f4e7f&utm_source=bing&utm_medium=cpc&utm_campaign=Brand_Desktop&utm_term=%2Bwww.paymentcloud.com&utm_content=Payment%20Cloud.com,Payconiq,Bing,epicompany,2024-09-21 13:08:01,us,Netcraft Auto,ignore,"No Contract, Setup or Cancellation Fees. 98% Approval Rating. Apply Now! Let Us Help You Get Approved. Visit Today For Huge Cost Savings.Popular Links: Square · Ecommerce · Mobile",2024-09-28
20294049,Payment Gateway...,https://paymentcloudinc.com,https://paymentcloudinc.com/online/payment-gateways/?msclkid=5ca581a437e71324df61e74a871652dc&utm_source=bing&utm_medium=cpc&utm_campaign=Brand_Desktop&utm_term=%2Bwww.paymentcloud.com&utm_content=Payment%20Cloud.com&msclkid=5ca581a437e71324df61e74a871652dc&utm_source=bing&utm_medium=cpc&utm_campaign=Brand_Desktop&utm_term=%2Bwww.paymentcloud.com&utm_content=Payment%20Cloud.com,Payconiq,Bing,epicompany,2024-09-21 13:08:01,us,Netcraft Auto,ignore,"No Contract, Setup or Cancellation Fees. 98% Approval Rating. Apply Now! Let Us Help You Get Approved. Visit Today For Huge Cost Savings.Popular Links: Square · Ecommerce · Mobile",2024-10-01
20294050,PaymentCloud,https://paymentcloudinc.com,https://paymentcloudinc.com/ppc/?msclkid=89442e98900c170112ec487620fd5fc6&utm_source=bing&utm_medium=cpc&utm_campaign=Brand_Desktop&utm_term=%2Bwww.paymentcloud.com&utm_content=Payment%20Cloud.com&msclkid=89442e98900c170112ec487620fd5fc6&utm_source=bing&utm_medium=cpc&utm_campaign=Brand_Desktop&utm_term=%2Bwww.paymentcloud.com&utm_content=Payment%20Cloud.com,Payconiq,Bing,epicompany,2024-09-21 13:08:01,us,Netcraft Auto,ignore,"No Contract, Setup or Cancellation Fees. 98% Approval Rating. Apply Now! Let Us Help You Get Approved. Visit Today For Huge Cost Savings.Popular Links: Square · Ecommerce · Mobile",2024-09-28
20294051,All In One Payment Processing | Point of Sale Solutions,https://www.bankofamerica.com/merchant/services,https://promotions.bankofamerica.com/paymentsolutions/business-payment-processing?cm_mmc=SB-Merchant-_-MSN-PS-_-merchant_processing_services-_-NB_MerchantServices&gclid=e27ff2505cac1db97cfb94beec5d2975&gclsrc=3p.ds&msclkid=e27ff2505cac1db97cfb94beec5d2975,Payconiq,Bing,epicompany,2024-09-21 13:08:01,us,Netcraft Auto,ignore,"Combine Banking & Payment Processing Into One Seamless Experience. Learn More Today! No Matter What Stage Your Business Is In, Our Payment Solutions Can Help. Call Us Today.",2024-09-28
20294052,FAQs,https://www.bankofamerica.com/merchant/services,"https://d.agkn.com/pixel/4102/?che=&col=71700000119560297,700000002067005,58700008754220072,0,0,579df315ff4b16def62295fb4fba4c37&l0=https://www.bankofamerica.com/smallbusiness/merchant-services/?cm_mmc=SB-Merchant-_-MSN-PS-_-FAQS-_-MS_Sitelink&gclid=579df315ff4b16def62295fb4fba4c37&gclsrc=3p.ds&&msclkid=579df315ff4b16def62295fb4fba4c37",Payconiq,Bing,epicompany,2024-09-21 13:08:01,us,Netcraft Auto,ignore,"Combine Banking & Payment Processing Into One Seamless Experience. Learn More Today! No Matter What Stage Your Business Is In, Our Payment Solutions Can Help. Call Us Today.",2024-09-28
20294053,POS System for Businesses,https://www.bankofamerica.com/merchant/services,"https://d.agkn.com/pixel/4102/?che=&col=71700000119560297,700000002067005,58700008754220072,0,0,9fb838919aa211c10a5f5e7f2a531e6f&l0=https://www.bankofamerica.com/smallbusiness/merchant-services/hardware/e800-dual-screen-pos-system/?cm_mmc=SB-Merchant-_-MSN-PS-_-POS_System_for_Businesses-_-MS_Sitelink&gclid=9fb838919aa211c10a5f5e7f2a531e6f&gclsrc=3p.ds&&msclkid=9fb838919aa211c10a5f5e7f2a531e6f",Payconiq,Bing,epicompany,2024-09-21 13:08:01,us,Netcraft Auto,ignore,"Combine Banking & Payment Processing Into One Seamless Experience. Learn More Today! No Matter What Stage Your Business Is In, Our Payment Solutions Can Help. Call Us Today.",2024-09-28
20294054,eCommerce Payment Gateway,https://www.bankofamerica.com/merchant/services,"https://d.agkn.com/pixel/4102/?che=&col=71700000119560297,700000002067005,58700008754220072,0,0,5eff209e96c51de8c5b046702634b3e0&l0=https://www.bankofamerica.com/smallbusiness/merchant-services/ecommerce-payment-gateway/?cm_mmc=SB-Merchant-_-MSN-PS-_-eCommerce_Payment_Gateway-_-MS_Sitelink&gclid=5eff209e96c51de8c5b046702634b3e0&gclsrc=3p.ds&&msclkid=5eff209e96c51de8c5b046702634b3e0",Payconiq,Bing,epicompany,2024-09-21 13:08:01,us,Netcraft Auto,ignore,"Combine Banking & Payment Processing Into One Seamless Experience. Learn More Today! No Matter What Stage Your Business Is In, Our Payment Solutions Can Help. Call Us Today.",2024-09-28
20294055,Mobile Card Reader,https://www.bankofamerica.com/merchant/services,"https://d.agkn.com/pixel/4102/?che=&col=71700000119560297,700000002067005,58700008754220072,0,0,cf68d83870dc1cba413dbed6c02d896c&l0=https://www.bankofamerica.com/smallbusiness/merchant-services/hardware/d135-mobile-card-reader/?cm_mmc=SB-Merchant-_-MSN-PS-_-Mobile_Card_Reader-_-MS_Sitelink&gclid=cf68d83870dc1cba413dbed6c02d896c&gclsrc=3p.ds&&msclkid=cf68d83870dc1cba413dbed6c02d896c",Payconiq,Bing,epicompany,2024-09-21 13:08:01,us,Netcraft Auto,ignore,"Combine Banking & Payment Processing Into One Seamless Experience. Learn More Today! No Matter What Stage Your Business Is In, Our Payment Solutions Can Help. Call Us Today.",2024-09-28
20294056,Online Point of Sale | #1 Point of Sale Software,https://www.odoo.com/app/pos,https://www.odoo.com/app/point-of-sale-shop?network=o&utm_source=bing&utm_medium=cpc&utm_campaign=NA-EN-POS-Shop&utm_term=credit%20card%20machineutm_gclid=&msclkid=71015e506f3d141ada5838bedfcc0d16,Payconiq,Bing,epicompany,2024-09-21 13:08:01,us,Netcraft Auto,ignore,"Set-up in minutes, sell in seconds. Compatible with any device, online or offline. Finally a POS system that integrates with your marketing, sales, inventory and eCommerce.Site visitors: Over 100K in the past month",2024-09-28
20294057,Global Payments Solutions | Bank of America,https://business.bofa.com/global-payments/management,https://business.bofa.com/en-us/content/payments-management.html?cm_mmc=GB-GTS-_-MSN-PS-_-payment-systems-_-NB_Payments&gclid=25bce813b703147fad5d8efd07f244a8&gclsrc=3p.ds&msclkid=25bce813b703147fad5d8efd07f244a8&utm_source=bing&utm_medium=cpc&utm_campaign=GB_M_NB_PHM_NTL_EN_O_GTS_Payments&utm_term=payment%20systems&utm_content=GB_M_NB_PHM_GTS_Payments_General,Payconiq,Bing,epicompany,2024-09-21 13:08:01,us,Netcraft Auto,ignore,"Bank of America Global Payments Offers Innovative Solutions Such as RTP and More. Send Funds Globally with Solutions That Are Fast, Smart, and Secure with Bank of America.",2024-09-28
20294058,Business Banking,https://business.bofa.com/global-payments/management,https://business.bofa.com/en-us/content/business-banking.html?cm_mmc=GB-All-_-MSN-PS-_-Business-Banking-_-NB_Sitelink&gclid=66377a26c1ee1470ebd81cc8711fbcf9&gclsrc=3p.ds&&msclkid=66377a26c1ee1470ebd81cc8711fbcf9&utm_source=bing&utm_medium=cpc&utm_campaign=GB_M_NB_PHM_NTL_EN_O_GTS_Payments&utm_term=payment%20systems&utm_content=GB_M_NB_PHM_GTS_Payments_General,Payconiq,Bing,epicompany,2024-09-21 13:08:01,us,Netcraft Auto,ignore,"Bank of America Global Payments Offers Innovative Solutions Such as RTP and More. Send Funds Globally with Solutions That Are Fast, Smart, and Secure with Bank of America.",2024-09-28
20294059,Card Solutions,https://business.bofa.com/global-payments/management,https://business.bofa.com/en-us/content/card-solutions.html?cm_mmc=GB-All-_-MSN-PS-_-Card-Solutions-_-NB_Sitelink&gclid=058c8da1be0312579260eb4f0ef2c56f&gclsrc=3p.ds&&msclkid=058c8da1be0312579260eb4f0ef2c56f&utm_source=bing&utm_medium=cpc&utm_campaign=GB_M_NB_PHM_NTL_EN_O_GTS_Payments&utm_term=payment%20systems&utm_content=GB_M_NB_PHM_GTS_Payments_General,Payconiq,Bing,epicompany,2024-09-21 13:08:01,us,Netcraft Auto,ignore,"Bank of America Global Payments Offers Innovative Solutions Such as RTP and More. Send Funds Globally with Solutions That Are Fast, Smart, and Secure with Bank of America.",2024-09-28
20294060,Global Commercial Banking,https://business.bofa.com/global-payments/management,https://business.bofa.com/en-us/content/global-commercial-banking.html?cm_mmc=GB-All-_-MSN-PS-_-Global-Commercial-Banking-_-NB_Sitelink&gclid=275b68092a511281904a0ee79aa05988&gclsrc=3p.ds&&msclkid=275b68092a511281904a0ee79aa05988&utm_source=bing&utm_medium=cpc&utm_campaign=GB_M_NB_PHM_NTL_EN_O_GTS_Payments&utm_term=payment%20systems&utm_content=GB_M_NB_PHM_GTS_Payments_General,Payconiq,Bing,epicompany,2024-09-21 13:08:01,us,Netcraft Auto,ignore,"Bank of America Global Payments Offers Innovative Solutions Such as RTP and More. Send Funds Globally with Solutions That Are Fast, Smart, and Secure with Bank of America.",2024-09-28
20294061,Receivables Management,https://business.bofa.com/global-payments/management,https://business.bofa.com/en-us/content/receivables-management.html?cm_mmc=GB-All-_-MSN-PS-_-Receivables-Management-_-NB_Sitelink&gclid=3cfba70a24a11cb3a1f9c1e4945050ef&gclsrc=3p.ds&&msclkid=3cfba70a24a11cb3a1f9c1e4945050ef&utm_source=bing&utm_medium=cpc&utm_campaign=GB_M_NB_PHM_NTL_EN_O_GTS_Payments&utm_term=payment%20systems&utm_content=GB_M_NB_PHM_GTS_Payments_General,Payconiq,Bing,epicompany,2024-09-21 13:08:01,us,Netcraft Auto,ignore,"Bank of America Global Payments Offers Innovative Solutions Such as RTP and More. Send Funds Globally with Solutions That Are Fast, Smart, and Secure with Bank of America.",2024-09-28
20294062,On-Time Treasury,https://business.bofa.com/global-payments/management,https://business.bofa.com/en-us/content/on-time-treasury.html?cm_mmc=GB-All-_-MSN-PS-_-On-Time-Treasury-_-NB_Sitelink&gclid=7aed6bd8943918f8e20b0d3624c8719b&gclsrc=3p.ds&&msclkid=7aed6bd8943918f8e20b0d3624c8719b&utm_source=bing&utm_medium=cpc&utm_campaign=GB_M_NB_PHM_NTL_EN_O_GTS_Payments&utm_term=payment%20systems&utm_content=GB_M_NB_PHM_GTS_Payments_General,Payconiq,Bing,epicompany,2024-09-21 13:08:01,us,Netcraft Auto,ignore,"Bank of America Global Payments Offers Innovative Solutions Such as RTP and More. Send Funds Globally with Solutions That Are Fast, Smart, and Secure with Bank of America.",2024-09-28
