store_id,name,brand,by,category,date
mobi.inthepocket.bcmc.bancontact,Payconiq by Bancontact,epicompany,Netcraft Auto,ignore,2024-09-20
sh.digica.paymentplatform.ptandroid,POST Payconiq,epicompany,Netcraft Manual,ignore,2024-10-01
sh.digica.paymentplatform.bilandroid,BIL Payconiq,epicompany,Netcraft Manual,ignore,2024-10-01
sh.digica.paymentplatform.bglandroid,Payconiq – BGL BNP Paribas,epicompany,Netcraft Manual,ignore,2024-10-01
lu.raiffeisen.digicash,Raiffeisen Payconiq,epicompany,Netcraft Manual,ignore,2024-10-01
com.beobank_prod.bad,Beobank Mobile,epicompany,Netcraft Manual,ignore,2024-10-01
com.ing.banking,ING Banking,epicompany,Netcraft Auto,ignore,2024-09-20
com.pom.business,POM Business,epicompany,Netcraft Manual,ignore,2024-10-01
be.belfius.directmobile.android,Belfius Mobile,epicompany,Netcraft Manual,ignore,2024-10-01
be.crelan.channels.mobile.android.store,Crelan Mobile App,epicompany,Netcraft Manual,ignore,2024-10-01
com.vivawallet.spoc.payapp,viva.com Terminal,epicompany,Netcraft Manual,ignore,2024-10-01
com.lyra.lyracollect,Lyra Collect,epicompany,Netcraft Manual,ignore,2024-10-01
com.tikwash,Tikwash,epicompany,Netcraft Manual,ignore,2024-10-01
com.kirepo.ltpem,Lycée Privé Emile Metz,epicompany,Netcraft Manual,ignore,2024-10-01
be.payconiq.go,Payconiq GO,epicompany,Netcraft Manual,ignore,2024-10-01
com.mentis_services.tivoli,CHU Tivoli Parking,epicompany,Netcraft Manual,ignore,2024-10-01
965192532,Payconiq – BGL BNP Paribas,epicompany,Netcraft Manual,ignore,2024-10-01
1555030249,Raiffeisen Payconiq,epicompany,Netcraft Manual,ignore,2024-10-01
669984940,POST Payconiq,epicompany,Netcraft Manual,ignore,2024-10-01
830569595,BIL Payconiq,epicompany,Netcraft Manual,ignore,2024-10-01
858371800,Payconiq by Bancontact,epicompany,Netcraft Manual,ignore,2024-10-01
1364967778,ING Banking,epicompany,Netcraft Manual,ignore,2024-10-01
6450091867,Payconiq GO,epicompany,Netcraft Manual,ignore,2024-10-01
893189359,Crelan Mobile App,epicompany,Netcraft Manual,ignore,2024-10-01
com.oliverpos.wrapper,Oliver POS,epicompany,Netcraft Manual,ignore,2024-10-01
com.tanqyou.park,Parkeer app - TanQyou Park,epicompany,Netcraft Manual,ignore,2024-10-01
com.payconiq.customers,"Payconiq, mobile payments",epicompany,Netcraft Auto,takedown,2024-09-22
com.payconiq.customers,"Payconiq, mobile payments",epicompany,Netcraft Auto,takedown,2024-09-22
com.payconiq.customers,"Payconiq, mobile payments",epicompany,Netcraft Auto,ownsite,2024-09-22
com.payconiq.customers,"Payconiq, mobile payments",epicompany,Netcraft Auto,ownsite,2024-09-22
com.payconiq.customers,"Payconiq, mobile payments",epicompany,Netcraft Auto,takedown,2024-09-22
com.payconiq.customers,"Payconiq, mobile payments",epicompany,Netcraft Auto,ignore,2024-09-22
com.payconiq.customers,"Payconiq, mobile payments",epicompany,Netcraft Auto,takedown,2024-09-22
com.payconiq.customers,"Payconiq, mobile payments",epicompany,Netcraft Auto,monitoring,2024-09-22
com.payconiq.customers,"Payconiq, mobile payments",epicompany,Netcraft Manual,ignore,2024-10-01
com.payconiq.customers,"Payconiq, mobile payments",epicompany,Netcraft Auto,ownsite,2024-09-22
com.payconiq.customers,"Payconiq, mobile payments",epicompany,Netcraft Auto,ignore,2024-09-22
com.payconiq.customers,"Payconiq, mobile payments",epicompany,Netcraft Auto,monitoring,2024-09-22
com.payconiq.customers,"Payconiq, mobile payments",epicompany,Netcraft Auto,ignore,2024-09-22
com.payconiq.customers,"Payconiq, mobile payments",epicompany,Netcraft Auto,ignore,2024-09-22
com.payconiq.customers,"Payconiq, mobile payments",epicompany,Netcraft Manual,ignore,2024-10-01
com.payconiq.customers,"Payconiq, mobile payments",epicompany,Netcraft Auto,ownsite,2024-09-22
com.payconiq.customers,"Payconiq, mobile payments",epicompany,Netcraft Auto,takedown,2024-09-22
com.payconiq.customers,"Payconiq, mobile payments",epicompany,Netcraft Auto,ownsite,2024-09-22
com.payconiq.customers,"Payconiq, mobile payments",epicompany,Netcraft Manual,ignore,2024-10-01
com.payconiq.customers,"Payconiq, mobile payments",epicompany,Netcraft Auto,monitoring,2024-09-22
com.payconiq.customers,"Payconiq, mobile payments",epicompany,Netcraft Auto,monitoring,2024-09-22
com.payconiq.customers,"Payconiq, mobile payments",epicompany,Netcraft Manual,ignore,2024-10-01
com.payconiq.customers,"Payconiq, mobile payments",epicompany,Netcraft Auto,ownsite,2024-09-22
com.payconiq.customers,"Payconiq, mobile payments",epicompany,Netcraft Manual,ignore,2024-10-01
com.payconiq.customers,"Payconiq, mobile payments",epicompany,Netcraft Auto,ignore,2024-09-22
com.payconiq.customers,"Payconiq, mobile payments",epicompany,Netcraft Manual,ignore,2024-10-01
com.payconiq.customers,"Payconiq, mobile payments",epicompany,Netcraft Manual,monitoring,2024-10-01
com.payconiq.customers,"Payconiq, mobile payments",epicompany,Netcraft Manual,ignore,2024-10-01
com.payconiq.customers,"Payconiq, mobile payments",epicompany,Netcraft Manual,ignore,2024-10-01
com.payconiq.customers,"Payconiq, mobile payments",epicompany,Netcraft Auto,ignore,2024-09-22
com.payconiq.customers,"Payconiq, mobile payments",epicompany,Netcraft Manual,ignore,2024-10-01
com.payconiq.customers,"Payconiq, mobile payments",epicompany,Netcraft Auto,monitoring,2024-09-22
com.payconiq.customers,"Payconiq, mobile payments",epicompany,Netcraft Auto,ownsite,2024-09-23
com.payconiq.customers,"Payconiq, mobile payments",epicompany,Netcraft Auto,ownsite,2024-09-23
com.payconiq.customers,"Payconiq, mobile payments",epicompany,Netcraft Auto,ownsite,2024-09-23
com.payconiq.customers,"Payconiq, mobile payments",epicompany,Netcraft Auto,ownsite,2024-09-23
com.payconiq.customers,"Payconiq, mobile payments",epicompany,Netcraft Auto,ownsite,2024-09-23
com.payconiq.customers,"Payconiq, mobile payments",epicompany,Netcraft Auto,ownsite,2024-09-23
com.payconiq.customers,"Payconiq, mobile payments",epicompany,Netcraft Auto,takedown,2024-09-23
com.payconiq.customers,"Payconiq, mobile payments",epicompany,Netcraft Manual,ignore,2024-10-01
com.payconiq.customers,"Payconiq, mobile payments",epicompany,Netcraft Auto,ownsite,2024-09-23
com.payconiq.customers,"Payconiq, mobile payments",epicompany,Netcraft Manual,monitoring,2024-10-01
com.payconiq.customers,"Payconiq, mobile payments",epicompany,Netcraft Manual,ignore,2024-10-01
com.payconiq.customers,"Payconiq, mobile payments",epicompany,Netcraft Auto,ownsite,2024-09-23
com.payconiq.customers,"Payconiq, mobile payments",epicompany,Netcraft Auto,ownsite,2024-09-23
com.payconiq.customers,"Payconiq, mobile payments",epicompany,Netcraft Auto,ownsite,2024-09-23
com.payconiq.customers,"Payconiq, mobile payments",epicompany,Netcraft Manual,ignore,2024-10-01
com.payconiq.customers,"Payconiq, mobile payments",epicompany,Netcraft Manual,ignore,2024-10-01
com.payconiq.customers,"Payconiq, mobile payments",epicompany,Netcraft Manual,ignore,2024-10-01
com.payconiq.customers,"Payconiq, mobile payments",epicompany,Netcraft Auto,ownsite,2024-09-23
com.payconiq.customers,"Payconiq, mobile payments",epicompany,Netcraft Auto,takedown,2024-09-24
com.payconiq.customers,"Payconiq, mobile payments",epicompany,Netcraft Manual,takedown,2024-10-01
com.payconiq.customers,"Payconiq, mobile payments",epicompany,Netcraft Manual,ignore,2024-10-01
com.payconiq.customers,"Payconiq, mobile payments",epicompany,Netcraft Auto,takedown,2024-09-24
com.payconiq.customers,"Payconiq, mobile payments",epicompany,Netcraft Auto,takedown,2024-09-24
com.payconiq.customers,"Payconiq, mobile payments",epicompany,Netcraft Manual,monitoring,2024-10-01
com.payconiq.customers,"Payconiq, mobile payments",epicompany,Netcraft Manual,ignore,2024-10-01
com.payconiq.customers,"Payconiq, mobile payments",epicompany,Netcraft Manual,ignore,2024-10-01
com.payconiq.customers,"Payconiq, mobile payments",epicompany,Netcraft Auto,takedown,2024-09-25
com.payconiq.customers,"Payconiq, mobile payments",epicompany,Netcraft Auto,ownsite,2024-09-25
com.payconiq.customers,"Payconiq, mobile payments",epicompany,Netcraft Auto,monitoring,2024-09-25
com.payconiq.customers,"Payconiq, mobile payments",epicompany,Netcraft Manual,ignore,2024-10-01
com.payconiq.customers,"Payconiq, mobile payments",epicompany,Netcraft Auto,takedown,2024-09-25
com.payconiq.customers,"Payconiq, mobile payments",epicompany,Netcraft Manual,ignore,2024-10-01
com.payconiq.customers,"Payconiq, mobile payments",epicompany,Netcraft Auto,ignore,2024-09-25
com.payconiq.customers,"Payconiq, mobile payments",epicompany,Netcraft Manual,ignore,2024-10-01
com.payconiq.customers,"Payconiq, mobile payments",epicompany,Netcraft Manual,ignore,2024-10-01
com.payconiq.customers,"Payconiq, mobile payments",epicompany,Netcraft Manual,ignore,2024-10-01
com.payconiq.customers,"Payconiq, mobile payments",epicompany,Netcraft Manual,ignore,2024-10-01
com.payconiq.customers,"Payconiq, mobile payments",epicompany,Netcraft Manual,ignore,2024-10-01
com.payconiq.customers,"Payconiq, mobile payments",epicompany,Netcraft Manual,monitoring,2024-10-01
com.payconiq.customers,"Payconiq, mobile payments",epicompany,Netcraft Auto,monitoring,2024-09-25
com.payconiq.customers,"Payconiq, mobile payments",epicompany,Netcraft Manual,ignore,2024-10-01
com.payconiq.customers,"Payconiq, mobile payments",epicompany,Netcraft Manual,monitoring,2024-10-01
