acknowledged,dates,intelligence_created,priority,source,type,value,rule,entities,result
False,2020-11-30T23:35:29Z,2024-10-01T16:47:45.09Z,medium,Raid Forums,Email Address,b.goulooze@currence.nl,Email address,Currence,https://raidforums.com/Thread-PeopleDataLabs-PDL-Database-Leaked-Download
False,2020-11-30T23:35:48Z,2024-10-01T16:47:47.076Z,medium,Raid Forums,Email Address,fernanda.machado@payconiq.com,Email address,Payconiq,https://raidforums.com/Thread-PeopleDataLabs-PDL-Database-Leaked-Download
False,2020-11-30T23:49:04Z,2024-10-01T16:47:47.181Z,medium,Raid Forums,Email Address,michael.geway@payconiq.com,Email address,Payconiq,https://raidforums.com/Thread-PeopleDataLabs-PDL-Database-Leaked-Download
False,2023-01-09T23:05:11Z,2024-10-01T16:47:55.892Z,medium,Generic Clearweb,Email Address,f.persijn@currence.nl,Email address,Currence,http://45.139.122.121/twitter.rar
False,2023-11-17T17:50:20Z,2024-10-01T16:48:06.698Z,medium,Generic Darkweb,Email Address,kathleen.berten@payconiq.com,Email address,Payconiq,http://breachedu76kdyavc6szj6ppbplfqoz3pgrk3zw57my4vybgblpfeayd.onion/Thread-Full-Linkedin-Data-2023-35M
False,2024-09-20T04:05:46.436Z,2024-10-01T16:50:38.455Z,medium,GitHub,Email Address,devsupport@payconiq.com,Email address,Payconiq,https://github.com/payconiq-devsupport/merchant-payments-api/blob/bcd400e9744859285961f56487a342b2100835a1/src/main/resources/merchant-payment-apis.yaml
False,2021-03-12T15:28:40Z,2024-11-11T18:17:43.535Z,medium,Phishing Site Log Files,Email Address,markku.pienimaki@ideal.fi,Email address,Wero,https://www.donnapartow.com/951357867/exista.txt
False,2021-03-12T15:28:40Z,2024-11-11T18:17:43.535Z,medium,Phishing Site Log Files,Email Address,dbethell@ideal.co.uk,Email address,Wero,https://www.donnapartow.com/951357867/exista.txt
False,2021-03-12T15:28:40Z,2024-11-11T18:17:43.535Z,medium,Phishing Site Log Files,Email Address,nbushill@ideal.co.uk,Email address,Wero,https://www.donnapartow.com/951357867/exista.txt
False,2021-03-12T15:28:40Z,2024-11-11T18:17:43.535Z,medium,Phishing Site Log Files,Email Address,rpatel@ideal.co.uk,Email address,Wero,https://www.donnapartow.com/951357867/exista.txt
False,2021-03-12T15:28:40Z,2024-11-11T18:17:43.535Z,medium,Phishing Site Log Files,Email Address,nwicks@ideal.co.uk,Email address,Wero,https://www.donnapartow.com/951357867/exista.txt
False,2021-03-12T15:28:40Z,2024-11-11T18:17:47.825Z,medium,Phishing Site Log Files,Email Address,nbushill@ideal.co.uk,Email address,Wero,https://www.donnapartow.com/951357869/exista.txt
False,2021-03-12T15:28:40Z,2024-11-11T18:17:47.825Z,medium,Phishing Site Log Files,Email Address,dbethell@ideal.co.uk,Email address,Wero,https://www.donnapartow.com/951357869/exista.txt
False,2021-03-12T15:28:40Z,2024-11-11T18:17:47.825Z,medium,Phishing Site Log Files,Email Address,nwicks@ideal.co.uk,Email address,Wero,https://www.donnapartow.com/951357869/exista.txt
False,2021-03-12T15:28:40Z,2024-11-11T18:17:47.825Z,medium,Phishing Site Log Files,Email Address,rpatel@ideal.co.uk,Email address,Wero,https://www.donnapartow.com/951357869/exista.txt
False,2021-03-12T15:28:40Z,2024-11-11T18:17:47.825Z,medium,Phishing Site Log Files,Email Address,markku.pienimaki@ideal.fi,Email address,Wero,https://www.donnapartow.com/951357869/exista.txt
False,2021-03-12T15:28:40Z,2024-11-11T18:17:52.201Z,medium,Phishing Site Log Files,Email Address,markku.pienimaki@ideal.fi,Email address,Wero,https://donnapartow.com/951357868/exista.txt
False,2021-03-12T15:28:40Z,2024-11-11T18:17:52.201Z,medium,Phishing Site Log Files,Email Address,nwicks@ideal.co.uk,Email address,Wero,https://donnapartow.com/951357868/exista.txt
False,2021-03-12T15:28:40Z,2024-11-11T18:17:52.201Z,medium,Phishing Site Log Files,Email Address,dbethell@ideal.co.uk,Email address,Wero,https://donnapartow.com/951357868/exista.txt
False,2021-03-12T15:28:40Z,2024-11-11T18:17:52.201Z,medium,Phishing Site Log Files,Email Address,rpatel@ideal.co.uk,Email address,Wero,https://donnapartow.com/951357868/exista.txt
