type,submitted_by,value,submitted_time,status,value_human
hostname,Netcraft,wero.de,2024-11-20 15:58:32,enabled,wero.de
hostname,Netcraft,epi-company.eu,2024-10-17 12:43:15,enabled,epi-company.eu
hostname,Netcraft,epicom.any.eu,2024-10-17 12:43:15,enabled,epicom.any.eu
hostname,Netcraft,picompany.eu,2024-10-17 12:43:15,enabled,picompany.eu
hostname,Netcraft,wero-walet.eu,2024-10-17 12:43:15,enabled,wero-walet.eu
hostname,Netcraft,wero-wallet.eu,2024-10-17 12:43:15,enabled,wero-wallet.eu
hostname,Netcraft,werowallet.eu,2024-10-17 12:43:15,enabled,werowallet.eu
