site,name,url,brand,profile_image,by,category,comment,date
pinterest,Payconiq Service-express,https://www.pinterest.co.uk/payconiq,epicompany,https://cfs.netcraft.com/api/v1/fetch/url/2249f873-f326-4228-80cb-061196e3bef2/response?allow_binary=0,Netcraft Auto,monitoring,"Profile uses default photo, has no description",2025-05-05
twitter,YUICHI ITO,https://x.com/_Yuichi_Ito_,epicompany,https://cfs.netcraft.com/api/v1/fetch/url/a7c69fcc-b155-4265-be1a-818c867e2267/response?allow_binary=0,Netcraft Manual,ignore,,2024-10-01
twitter,PayConiqService PayConiqService,https://x.com/PayconiqBank,epicompany,,Netcraft Manual,takedown,,2024-09-19
pinterest,MyPayconiq App,https://www.pinterest.co.uk/mypayconiq,epicompany,https://cfs.netcraft.com/api/v1/fetch/url/2249f873-f326-4228-80cb-061196e3bef2/response?allow_binary=0,Netcraft Auto,monitoring,"Profile uses default photo, has no description",2025-02-22
twitter,European Payments Initiative,https://x.com/company_epi,epicompany,https://cfs.netcraft.com/api/v1/fetch/url/b41e5cff-11c7-4ff7-8fc2-ce6f149bd91a/response?allow_binary=0,Netcraft Manual,client_input,Is this an owned account?,2025-02-27
twitter,Tom Wid,https://x.com/EPIcompany,epicompany,https://cfs.netcraft.com/api/v1/fetch/url/56729c07-9ea4-4d4e-86c0-2929857922e3/response?allow_binary=0,Netcraft Auto,monitoring,"Profile uses default photo, has no description",2025-02-26
twitter,Frank van Tussenbroe,https://x.com/Frank_Payconiq,epicompany,https://cfs.netcraft.com/api/v1/fetch/url/56729c07-9ea4-4d4e-86c0-2929857922e3/response?allow_binary=0,Netcraft Auto,monitoring,"Profile uses default photo, has no description",2025-02-26
twitter,EPI Company,https://x.com/CompanyEpi,epicompany,https://cfs.netcraft.com/api/v1/fetch/url/1b448cfd-56fb-4774-9a28-2d12c39c206f/response?allow_binary=0,Netcraft Manual,ignore,,2024-10-01
twitter,Payconiq International,https://x.com/Payconiq,epicompany,https://cfs.netcraft.com/api/v1/fetch/url/e71ada22-246f-4e37-91cb-c464759acde1/response?allow_binary=0,Netcraft Auto,ownsite,Legitimate profile for payconiq_international,2025-05-06
twitter,Payconiq Luxembourg,https://x.com/payconiqlux,epicompany,https://cfs.netcraft.com/api/v1/fetch/url/3ae67dba-4a62-410b-a13b-9650fb84f6a9/response?allow_binary=0,Netcraft Manual,client_input,Is this an authorised account?,2024-09-19
twitter,AntumID,https://x.com/ANTUMID,epicompany,https://cfs.netcraft.com/api/v1/fetch/url/ffe94abb-4891-4460-8c8f-bc0755084724/response?allow_binary=0,Netcraft Manual,ignore,,2024-10-01
twitter,michinoku,https://x.com/michinoku110,epicompany,https://cfs.netcraft.com/api/v1/fetch/url/ed0796ad-387a-4fe9-b525-15640ec0e765/response?allow_binary=0,Netcraft Manual,ignore,,2024-10-01
twitter,Hilde Copay,https://x.com/EPayconiq59876,epicompany,https://cfs.netcraft.com/api/v1/fetch/url/592442b3-2629-4357-b930-b633faa81ac6/response?allow_binary=0,Netcraft Manual,monitoring,,2025-03-19
twitter,Bancontact Payconiq Company,https://x.com/BPCbelgium,epicompany,https://cfs.netcraft.com/api/v1/fetch/url/2b45d742-dfd9-487f-9e2e-e57809438ca7/response?allow_binary=0,Netcraft Manual,monitoring,,2025-03-19
telegram_user,💓 PAYCONIQ 💓,https://t.me/PayyyconiqBot,epicompany,,Netcraft Manual,takedown,,2024-09-19
telegram_user,Payconiq,https://t.me/pcq212_bot,epicompany,,Netcraft Manual,takedown,,2024-09-19
telegram_user,Payconiq Bot,https://t.me/PayconiqqBot,epicompany,,Netcraft Manual,takedown,,2024-09-19
telegram_user,Paycoq,https://t.me/PayconiqaBot,epicompany,,Netcraft Auto,monitoring,User doesn't exist,2024-11-04
telegram_channel,Payconiq,https://t.me/payconiq,epicompany,,Netcraft Auto,monitoring,Channel doesn't exist,2024-11-04
telegram_user,Payconiqrez_bot,https://t.me/Payconiqrezbot,epicompany,,Netcraft Auto,monitoring,User doesn't exist,2024-11-04
telegram_user,Payconiqbott,https://t.me/payconiqbot,epicompany,,Netcraft Auto,monitoring,User doesn't exist,2024-11-04
telegram_channel,Payconiq Netherlands,https://t.me/PayconiqNetherlandsk,epicompany,https://cfs.netcraft.com/api/v1/fetch/url/dd844887-2447-4b20-b38b-73241864c48c/response?allow_binary=0,Netcraft Auto,monitoring,Channel doesn't exist,2024-11-04
telegram_channel,payconiq_bot,https://t.me/payconiq_bots,epicompany,,Netcraft Auto,monitoring,Channel doesn't exist,2024-11-04
telegram_user,PAYCONIQ,https://t.me/PAYCONIQsBOT,epicompany,,Netcraft Auto,monitoring,User doesn't exist,2024-11-04
instagram,Payconiq by Bancontact,https://www.instagram.com/payconiqbybancontact/,epicompany,,Netcraft Manual,monitoring,,2024-10-01
instagram,Digicash by Payconiq,https://www.instagram.com/digiicashbypayconiq/,epicompany,,Netcraft Manual,takedown,,2024-09-19
instagram,Payconiq international,https://www.instagram.com/sneakpeekpayconiq/,epicompany,,Netcraft Manual,takedown,,2024-09-19
instagram,Payconiq International,https://www.instagram.com/payconiq_international/,epicompany,,Netcraft Auto,ownsite,Legitimate profile for payconiq_international,2024-09-27
instagram,Payconiq Luxembourg,https://www.instagram.com/payconiqluxembourg/,epicompany,,Netcraft Manual,client_input,Is this an authorised account?,2024-10-01
instagram,Payconiq.nl,https://www.instagram.com/payconiq.nl/,epicompany,,Netcraft Manual,client_input,Is this an authorised account?,2024-10-01
facebook_page,"Elite, Proyectos e Ingeniería-EPI Company",https://www.facebook.com/profile.php?id=100063640830348,epicompany,https://cfs.netcraft.com/api/v1/fetch/url/b9105f7e-4259-491e-bd4a-c98b27fc7254/response?allow_binary=0,Netcraft Manual,ignore,,2024-10-01
facebook_page,EPICompany Limited,https://www.facebook.com/profile.php?id=61561189349387,epicompany,https://cfs.netcraft.com/api/v1/fetch/url/b849f3a7-dc36-4c3f-b3d0-5ef00f231d55/response?allow_binary=0,Netcraft Manual,ignore,,2024-10-01
facebook_page,EPI Company,https://www.facebook.com/profile.php?id=100085615421058,epicompany,https://cfs.netcraft.com/api/v1/fetch/url/0f26b1a6-977e-4ab0-8c7e-d17b23241b47/response?allow_binary=0,Netcraft Manual,ignore,,2024-10-01
youtube,Epicurious,https://youtube.com/@epicurious,epicompany,https://cfs.netcraft.com/api/v1/fetch/url/62ddcfe1-ca3a-4fee-8db7-6fe47a6756fd/response?allow_binary=0,Netcraft Manual,ignore,,2025-04-03
youtube,Payconiq Luxembourg,https://youtube.com/@payconiqlux,epicompany,https://cfs.netcraft.com/api/v1/fetch/url/b27b0818-5b94-4024-9cf7-43a0ebbbfe32/response?allow_binary=0,Netcraft Manual,client_input,Is this an authorised account?,2024-10-01
youtube,Yøga Fløw,https://youtube.com/@weartyogaflow,epicompany,https://cfs.netcraft.com/api/v1/fetch/url/50888be8-fe4e-473f-a156-e316fd7e25e8/response?allow_binary=0,Netcraft Auto,ignore,Profile image contains a person,2025-04-29
youtube,Payconiq by Bancontact,https://youtube.com/@payconiqbybancontact,epicompany,https://cfs.netcraft.com/api/v1/fetch/url/21a49942-6655-4860-8874-b4fd5e6c282f/response?allow_binary=0,Netcraft Manual,monitoring,,2024-10-01
youtube,Orrin Julians SHAW,https://youtube.com/@orrinjuliansshaw7043,epicompany,https://cfs.netcraft.com/api/v1/fetch/url/a06b296a-2364-481e-bb91-c2c660519cea/response?allow_binary=0,Netcraft Manual,monitoring,,2024-10-01
youtube,Payconiq International,https://youtube.com/@payconiq,epicompany,https://cfs.netcraft.com/api/v1/fetch/url/02ed5bab-7bbc-47bb-9b81-0e3c2397e99a/response?allow_binary=0,Netcraft Manual,client_input,Is this an authorised account?,2024-10-01
facebook_page,Payconiq Belgique,https://www.facebook.com/profile.php?id=61558050612725,epicompany,,Netcraft Manual,client_input,Is this an authorised account?,2024-10-01
facebook_page,Payconiq,https://www.facebook.com/payconiqnetherlands,epicompany,https://cfs.netcraft.com/api/v1/fetch/url/697fbf4a-f98a-419d-9538-76cd0486dc16/response?allow_binary=0,Netcraft Manual,client_input,Is this an authorised account?,2024-10-01
facebook_page,Payconiq belgique,https://www.facebook.com/profile.php?id=100093346941435,epicompany,https://cfs.netcraft.com/api/v1/fetch/url/91e6d025-200f-4508-9660-e0d27b42c281/response?allow_binary=0,Netcraft Manual,client_input,Is this an authorised account?,2024-10-01
facebook_page,Payconiq,https://www.facebook.com/payconiq,epicompany,https://cfs.netcraft.com/api/v1/fetch/url/c045ad49-fdb4-466a-a495-96d9fd34e32e/response?allow_binary=0,Netcraft Auto,ownsite,Legitimate profile for payconiq_international,2025-05-06
facebook_page,Payconiq.nl,https://www.facebook.com/profile.php?id=100077378117561,epicompany,https://cfs.netcraft.com/api/v1/fetch/url/446129fb-8408-40fc-a541-0773ef614e3a/response?allow_binary=0,Netcraft Manual,monitoring,,2024-10-10
facebook_page,Payconiq Luxembourg,https://www.facebook.com/payconiqlux,epicompany,https://cfs.netcraft.com/api/v1/fetch/url/4d70a7c1-1a21-46fc-8c3a-5c262a09a04a/response?allow_binary=0,Netcraft Manual,client_input,Is this an authorised account?,2024-10-01
tiktok,epicompany,https://www.tiktok.com/@epicompany2,epicompany,https://cfs.netcraft.com/api/v1/fetch/url/0126b3ec-257d-4255-ac21-9a9902185539/response?allow_binary=0,Netcraft Auto,monitoring,"Profile uses default photo, has no description",2025-02-20
tiktok,epicompany,https://www.tiktok.com/@epicompany,epicompany,https://cfs.netcraft.com/api/v1/fetch/url/7dc7ff93-bbff-4fc2-923e-32bbcb36d37b/response?allow_binary=0,Netcraft Manual,monitoring,,2025-03-19
tiktok,Payconiqluxembourg,https://www.tiktok.com/@payconiqluxembourg,epicompany,https://cfs.netcraft.com/api/v1/fetch/url/3f9a22f0-4940-4da7-b530-8da9a59e18d7/response?allow_binary=0,Netcraft Manual,client_input,Is this an authorised account?,2024-10-01
tiktok,020037Payconiq,https://www.tiktok.com/@ggghgghff_75445,epicompany,https://cfs.netcraft.com/api/v1/fetch/url/0dba6be3-6ddd-4ac6-8f85-163002faeedf/response?allow_binary=0,Netcraft Manual,monitoring,,2025-03-19
tiktok,payconiq,https://www.tiktok.com/@payconiq,epicompany,https://cfs.netcraft.com/api/v1/fetch/url/92b78dcd-4347-4df6-ab08-e48075343cac/response?allow_binary=0,Netcraft Auto,monitoring,"Profile uses default photo, has no description",2025-05-06
tiktok,payconiqbybancontact,https://www.tiktok.com/@payconiqbybancontact,epicompany,https://cfs.netcraft.com/api/v1/fetch/url/ff4b0681-e775-4375-a0e5-06eaa752dc9a/response?allow_binary=0,Netcraft Manual,monitoring,,2024-10-01
instagram,EPICompany limited,https://www.instagram.com/epicompanylimited/,epicompany,,Netcraft Manual,ignore,,2024-10-01
instagram,EPI,https://www.instagram.com/epi.company.fds/,epicompany,,Netcraft Manual,ignore,,2024-10-01
instagram,株式会社epi&company【仙台/モデル事務所】,https://www.instagram.com/tohoku.epi_official/,epicompany,,Netcraft Manual,ignore,,2024-10-01
instagram,epic company,https://www.instagram.com/epicompany/,epicompany,,Netcraft Manual,monitoring,,2024-10-01
instagram,EPI Company,https://www.instagram.com/ethan_poop_inc/,epicompany,,Netcraft Manual,ignore,,2024-10-01
instagram,Epic ID,https://www.instagram.com/epicompany.id/,epicompany,,Netcraft Manual,monitoring,,2024-10-01
facebook_page,Payconiq,https://www.facebook.com/pages/Payconiq/1966453293675173,epicompany,,Netcraft Auto,monitoring,,2024-10-02
facebook_page,Epi,https://www.facebook.com/profile.php?id=100064119306523,epicompany,https://cfs.netcraft.com/api/v1/fetch/url/393faaff-9612-414e-b5bb-065620f14495/response?allow_binary=0,Netcraft Auto,ignore,Profile image contains a person,2025-05-06
telegram_user,payconiq_bot,https://t.me/payconiqkara_bot,epicompany,,Netcraft Auto,monitoring,User doesn't exist,2024-11-04
tiktok,EPICompany Limited,https://www.tiktok.com/@epicompany.limited,epicompany,https://cfs.netcraft.com/api/v1/fetch/url/1bf08e84-3768-411c-a668-4788e558feb0/response?allow_binary=0,Netcraft Manual,monitoring,,2025-03-19
facebook_page,株式会社epi&company,https://www.facebook.com/epi.comapny,epicompany,https://cfs.netcraft.com/api/v1/fetch/url/a50e29d5-351e-42ac-88e3-75381d6880d5/response?allow_binary=0,Netcraft Manual,ignore,,2024-10-01
facebook_page,epi.co,https://www.facebook.com/epicompany,epicompany,https://cfs.netcraft.com/api/v1/fetch/url/67d4af8b-ebdd-49ca-a8a5-6a5daf64d806/response?allow_binary=0,Netcraft Manual,ignore,,2024-10-01
facebook_page,EPI,https://www.facebook.com/EpithaurusCompany,epicompany,https://cfs.netcraft.com/api/v1/fetch/url/2745cc18-8320-4a95-bbc9-d2d336323c1e/response?allow_binary=0,Netcraft Manual,ignore,,2024-10-01
twitter,一富あい🐮🎌SUGOon,https://x.com/ai_ichitomi_epi,epicompany,https://cfs.netcraft.com/api/v1/fetch/url/8416a5af-7692-4e39-8537-85b2767ee2b4/response?allow_binary=0,Netcraft Manual,ignore,,2024-10-01
pinterest,Wero,https://www.pinterest.co.uk/weronika_123,epicompany,https://cfs.netcraft.com/api/v1/fetch/url/57374cb4-91be-458f-84f9-f57cecb1c7fc/response?allow_binary=0,Netcraft Manual,monitoring,,2025-04-30
telegram_channel,ING Banking账号 KBC Mobile账号 Belfius Mobile - Banking app账号 Payconiq by Bancontact账号,https://t.me/gsfhfdh,epicompany,,Netcraft Manual,takedown,,2024-10-10
telegram_user,Payconiq by Bancontact,https://t.me/Payconiq_by_Bancontact_bot,epicompany,,Netcraft Auto,monitoring,User doesn't exist,2024-11-04
twitter,wero,https://x.com/fuckwero,epicompany,https://cfs.netcraft.com/api/v1/fetch/url/1ad2410e-2ecf-46a3-bb9e-2bd8d5d615ce/response?allow_binary=0,Netcraft Manual,ignore,,2025-04-29
twitter,israel torres santoy,https://x.com/wero,epicompany,https://cfs.netcraft.com/api/v1/fetch/url/56729c07-9ea4-4d4e-86c0-2929857922e3/response?allow_binary=0,Netcraft Manual,monitoring,,2025-04-02
twitter,wero,https://x.com/hiwero_,epicompany,https://cfs.netcraft.com/api/v1/fetch/url/8454a21b-9ee0-4aba-875f-940c54d56c72/response?allow_binary=0,Netcraft Manual,monitoring,,2025-05-01
twitter,wero,https://x.com/urfavtxrgaryen,epicompany,https://cfs.netcraft.com/api/v1/fetch/url/d031fd08-9c7c-4dbc-a93c-614afc2dc8c2/response?allow_binary=0,Netcraft Manual,monitoring,,2025-05-01
twitter,wero,https://x.com/wero_wonka,epicompany,https://cfs.netcraft.com/api/v1/fetch/url/4988b7e5-4f26-46cb-8489-c4c004aa3db4/response?allow_binary=0,Netcraft Manual,ignore,,2025-04-29
twitter,Wero Creative @ GDC,https://x.com/WeroCreative,epicompany,https://cfs.netcraft.com/api/v1/fetch/url/8b3578d8-c9cb-4769-aedf-1d7b948df831/response?allow_binary=0,Netcraft Manual,monitoring,different logo,2025-04-03
pinterest,WERO,https://www.pinterest.co.uk/weronik40liwia,epicompany,https://cfs.netcraft.com/api/v1/fetch/url/9387d77d-b11f-4b3a-82da-aee484e7483a/response?allow_binary=0,Netcraft Manual,monitoring,,2025-04-30
facebook_page,Wero eu,https://www.facebook.com/wero.eu,epicompany,https://cfs.netcraft.com/api/v1/fetch/url/1e08c8d9-6102-4507-bb11-899baafe2d41/response?allow_binary=0,Netcraft Manual,client_input,Is this an authorised account?,2024-10-10
tiktok,Wero,https://www.tiktok.com/@wero_exe,epicompany,https://cfs.netcraft.com/api/v1/fetch/url/b34df881-4a4c-4cc7-9862-42fe534dffa7/response?allow_binary=0,Netcraft Manual,monitoring,,2025-04-29
tiktok,wero,https://www.tiktok.com/@chapindecorazon203,epicompany,https://cfs.netcraft.com/api/v1/fetch/url/6f95decf-e531-448a-a7c9-11a2f6374893/response?allow_binary=0,Netcraft Manual,monitoring,,2025-05-15
tiktok,Wero,https://www.tiktok.com/@elwerotapia,epicompany,https://cfs.netcraft.com/api/v1/fetch/url/4e64664b-71e8-4665-ba28-a0c521c51126/response?allow_binary=0,Netcraft Manual,monitoring,,2025-04-29
tiktok,Wero,https://www.tiktok.com/@elwero.leo,epicompany,https://cfs.netcraft.com/api/v1/fetch/url/db022ff8-da59-438d-b626-b153c75de761/response?allow_binary=0,Netcraft Manual,monitoring,,2025-04-29
tiktok,wero,https://www.tiktok.com/@werosernaa,epicompany,https://cfs.netcraft.com/api/v1/fetch/url/c5758323-8f0c-46be-8189-6d6abf7c73b9/response?allow_binary=0,Netcraft Manual,monitoring,,2025-04-29
tiktok,wero,https://www.tiktok.com/@expectowero,epicompany,https://cfs.netcraft.com/api/v1/fetch/url/ce0b0091-6ef1-4e26-b631-6c44bc3cd6df/response?allow_binary=0,Netcraft Manual,monitoring,,2025-04-29
tiktok,wero,https://www.tiktok.com/@npox,epicompany,https://cfs.netcraft.com/api/v1/fetch/url/d3383e70-a6eb-4afb-8a9e-6bf1b972ef3e/response?allow_binary=0,Netcraft Manual,monitoring,,2025-05-03
tiktok,Wero,https://www.tiktok.com/@wero7145,epicompany,https://cfs.netcraft.com/api/v1/fetch/url/9854e9fe-f2c0-4ce4-875b-acccc414a86b/response?allow_binary=0,Netcraft Manual,monitoring,,2025-05-05
tiktok,wero,https://www.tiktok.com/@wero_mr9,epicompany,https://cfs.netcraft.com/api/v1/fetch/url/db58000d-4425-4c18-a670-bbefecbcae16/response?allow_binary=0,Netcraft Manual,monitoring,,2025-05-02
tiktok,Wero,https://www.tiktok.com/@pisale_jj,epicompany,https://cfs.netcraft.com/api/v1/fetch/url/141c5b39-6831-43ad-a869-8258630ba98d/response?allow_binary=0,Netcraft Manual,ignore,,2025-05-11
tiktok,Wero,https://www.tiktok.com/@mr.weroo,epicompany,https://cfs.netcraft.com/api/v1/fetch/url/cfdea51d-9661-4d17-9545-8795c5214cf5/response?allow_binary=0,Netcraft Manual,monitoring,,2025-05-04
tiktok,WERO,https://www.tiktok.com/@wero.de.leon,epicompany,https://cfs.netcraft.com/api/v1/fetch/url/f6110952-3a60-40a4-9f96-c4de0abfd112/response?allow_binary=0,Netcraft Manual,monitoring,,2025-04-29
tiktok,wero,https://www.tiktok.com/@wero2075,epicompany,https://cfs.netcraft.com/api/v1/fetch/url/f222c302-7114-404e-82e8-0fae1a670087/response?allow_binary=0,Netcraft Manual,monitoring,,2025-05-05
tiktok,wero,https://www.tiktok.com/@www.bryan3,epicompany,https://cfs.netcraft.com/api/v1/fetch/url/0dc4babc-628a-4c26-8412-2aab59ca1c73/response?allow_binary=0,Netcraft Manual,monitoring,,2025-05-10
telegram_user,PAYCONIQ 😁,https://t.me/BakrenxnxnBot,epicompany,,Netcraft Manual,monitoring,,2024-10-10
twitter,wero,https://x.com/salvatoregirl58,epicompany,https://cfs.netcraft.com/api/v1/fetch/url/cf6c5876-f72d-41a5-8086-e39a1d8e6cde/response?allow_binary=0,Netcraft Manual,ignore,,2025-04-29
tiktok,Wero,https://www.tiktok.com/@werodeenero,epicompany,https://cfs.netcraft.com/api/v1/fetch/url/90e1d0a1-92cf-407e-a18d-9c0e0dbba614/response?allow_binary=0,Netcraft Manual,monitoring,,2025-05-02
tiktok,wero,https://www.tiktok.com/@wero4333,epicompany,https://cfs.netcraft.com/api/v1/fetch/url/3a3c4d1f-b704-4b9c-8743-0cb94d4840f6/response?allow_binary=0,Netcraft Manual,monitoring,,2025-05-02
tiktok,Wero,https://www.tiktok.com/@jairortega223,epicompany,https://cfs.netcraft.com/api/v1/fetch/url/ba7c7538-214b-4528-9f0c-37d251b8c01d/response?allow_binary=0,Netcraft Manual,monitoring,,2025-05-02
tiktok,wero,https://www.tiktok.com/@eduardomaetinez5086,epicompany,https://cfs.netcraft.com/api/v1/fetch/url/e03237b7-a52a-4017-bff0-86171946c986/response?allow_binary=0,Netcraft Manual,monitoring,,2025-05-02
tiktok,Wero,https://www.tiktok.com/@miaweri,epicompany,https://cfs.netcraft.com/api/v1/fetch/url/0c7c5419-c7b8-4b17-9e3c-0d4c454459ab/response?allow_binary=0,Netcraft Manual,monitoring,,2025-04-29
tiktok,Wero,https://www.tiktok.com/@_wero_02,epicompany,https://cfs.netcraft.com/api/v1/fetch/url/c948a2c7-3093-4a2e-a934-4552118152c1/response?allow_binary=0,Netcraft Manual,monitoring,,2025-05-03
tiktok,wero,https://www.tiktok.com/@wero.tedeschi,epicompany,https://cfs.netcraft.com/api/v1/fetch/url/3d9aaa5f-ac82-41c7-8909-a38d2c5d31cb/response?allow_binary=0,Netcraft Manual,ignore,,2025-05-11
tiktok,Wero,https://www.tiktok.com/@elwerokchondo,epicompany,https://cfs.netcraft.com/api/v1/fetch/url/ab49680a-0a43-416e-98d6-0bb42824a75a/response?allow_binary=0,Netcraft Manual,monitoring,,2025-05-02
