[{"comCode": "mbZL@LVMBMvIT1fRwIgztz@7Pe8QFbCpT", "appProfile": "merchant-portal-srv-1", "requestId": "7776543348604", "messageSource": "upstream"}, {"comCode": "mbZL@LVMBMvIT1fRwIgztz@7Pe8QFbCpT", "appProfile": "merchant-portal-srv-1", "requestId": "7776543348604", "messageSource": "upstream"}, {"comCode": "mbZL@LVMBMvIT1fRwIgztz@7Pe8QFbCpT", "appProfile": "merchant-portal-srv-1", "requestId": "7776543348605", "messageSource": "upstream"}, {"comCode": "mbZL@LVMBMvIT1fRwIgztz@7Pe8QFbCpT", "appProfile": "merchant-portal-srv-1", "requestId": "7776543348605", "messageSource": "upstream"}, {"comCode": "mbZL@LVMBMvIT1fRwIgztz@7Pe8QFbCpT", "appProfile": "merchant-portal-srv-1", "requestId": "7776543348605", "messageSource": "upstream"}, {"comCode": "mbZL@LVMBMvIT1fRwIgztz@7Pe8QFbCpT", "appProfile": "merchant-portal-srv-1", "requestId": "7776543348606", "messageSource": "upstream"}, {"comCode": "mbZL@LVMBMvIT1fRwIgztz@7Pe8QFbCpT", "appProfile": "merchant-portal-srv-1", "requestId": "7776543348606", "messageSource": "upstream"}]